reaction,subsystem
rxn32559,Amino acid metabolism
rxn38710,Amino acid metabolism
rxn04023,Xenobiotics biodegradation and metabolism
rxn27889,Metabolism of other amino acids
rxn27887,
rxn32318,Metabolism of cofactors and vitamins
rxn06864,Metabolism of cofactors and vitamins
rxn00792,Metabolism of cofactors and vitamins
rxn24177,Xenobiotics biodegradation and metabolism
rxn31885,Amino acid metabolism
rxn21936,Carbohydrate metabolism
rxn00358,Carbohydrate metabolism
rxn33490,Energy metabolism
rxn03372,
rxn27688,Nucleotide metabolism
rxn23129,
rxn26310,Energy metabolism
rxn04673,Metabolism of cofactors and vitamins
rxn31476,Glycan biosynthesis and metabolism
rxn31361,
rxn30418,
rxn38276,
rxn34254,
rxn32424,
rxn33129,Metabolism of cofactors and vitamins
rxn38359,Carbohydrate metabolism
rxn33404,
rxn34232,
rxn32253,
rxn38254,
rxn37937,
rxn30355,Amino acid metabolism
rxn33740,Metabolism of other amino acids
rxn33295,Biosynthesis of other secondary metabolites
rxn34671,Amino acid metabolism
rxn33469,
rxn01987,Carbohydrate metabolism
rxn30018,Nucleotide metabolism
rxn28256,
rxn33560,Biosynthesis of other secondary metabolites
rxn33488,Carbohydrate metabolism
rxn31954,Carbohydrate metabolism
rxn30128,
rxn38489,Lipid metabolism
rxn31276,Lipid metabolism
rxn25749,Lipid metabolism
rxn37965,Lipid metabolism
rxn31272,Lipid metabolism
rxn38492,Lipid metabolism
rxn30096,Lipid metabolism
rxn31256,Lipid metabolism
rxn31323,Lipid metabolism
rxn38490,Lipid metabolism
rxn31326,Lipid metabolism
rxn31254,Lipid metabolism
rxn31277,Lipid metabolism
rxn25746,Lipid metabolism
rxn38487,Lipid metabolism
rxn30156,
rxn38486,Lipid metabolism
rxn25745,Lipid metabolism
rxn31257,Lipid metabolism
rxn31253,Lipid metabolism
rxn31322,Lipid metabolism
rxn31275,Lipid metabolism
rxn31255,Lipid metabolism
rxn31225,Lipid metabolism
rxn31327,Lipid metabolism
rxn38482,Lipid metabolism
rxn31324,Lipid metabolism
rxn38485,Lipid metabolism
rxn31321,Lipid metabolism
rxn31325,Lipid metabolism
rxn38484,Lipid metabolism
rxn16641,Amino acid metabolism
rxn31228,
rxn02518,Nucleotide metabolism
rxn01962,Nucleotide metabolism
rxn33568,Metabolism of cofactors and vitamins
rxn32974,Nucleotide metabolism
rxn32148,Nucleotide metabolism
rxn32257,Nucleotide metabolism
rxn00347,Amino acid metabolism
rxn38280,Metabolism of cofactors and vitamins
rxn32595,
rxn02875,
rxn30580,Lipid metabolism
rxn38087,
rxn15833,
rxn15880,
rxn27692,
rxn30710,Nucleotide metabolism
rxn28051,
rxn34708,
rxn20619,
rxn38011,Metabolism of other amino acids
rxn32810,Metabolism of cofactors and vitamins
rxn03174,Metabolism of cofactors and vitamins
rxn03421,Metabolism of cofactors and vitamins
rxn00302,Metabolism of cofactors and vitamins
rxn03419,Metabolism of cofactors and vitamins
rxn37872,Carbohydrate metabolism
rxn29959,Glycan biosynthesis and metabolism
rxn33398,Lipid metabolism
rxn28146,
rxn04786,Amino acid metabolism
rxn16583,
rxn32682,Xenobiotics biodegradation and metabolism
rxn14089,Xenobiotics biodegradation and metabolism
rxn38034,Carbohydrate metabolism
rxn11834,Xenobiotics biodegradation and metabolism
rxn11838,Xenobiotics biodegradation and metabolism
rxn31891,Xenobiotics biodegradation and metabolism
rxn05871,Lipid metabolism
rxn38318,Amino acid metabolism
rxn11809,Xenobiotics biodegradation and metabolism
rxn03282,
rxn04726,Xenobiotics biodegradation and metabolism
rxn32074,Metabolism of cofactors and vitamins
rxn19018,Carbohydrate metabolism
rxn28100,Amino acid metabolism
rxn33281,
rxn30979,
rxn33994,Carbohydrate metabolism
rxn02128,Metabolism of cofactors and vitamins
rxn12510,Metabolism of cofactors and vitamins
rxn03047,Metabolism of cofactors and vitamins
rxn33035,Carbohydrate metabolism
rxn07573,Lipid metabolism
rxn32851,Nucleotide metabolism
rxn12649,Metabolism of cofactors and vitamins
rxn01601,Metabolism of cofactors and vitamins
rxn30104,Metabolism of cofactors and vitamins
rxn14120,Metabolism of cofactors and vitamins
rxn01602,Metabolism of cofactors and vitamins
rxn32434,Metabolism of cofactors and vitamins
rxn31088,
rxn03446,Metabolism of cofactors and vitamins
rxn33241,
rxn32343,Metabolism of other amino acids
rxn35480,
rxn32473,Nucleotide metabolism
rxn27685,Nucleotide metabolism
rxn32658,
rxn33497,Energy metabolism
rxn38344,Metabolism of other amino acids
rxn27893,Amino acid metabolism
rxn38030,
rxn38275,Metabolism of cofactors and vitamins
rxn32580,
rxn20608,
rxn30068,Glycan biosynthesis and metabolism
rxn30020,
rxn02397,Amino acid metabolism
rxn01004,Amino acid metabolism
rxn38162,Carbohydrate metabolism
rxn15402,Lipid metabolism
rxn35560,Carbohydrate metabolism
rxn29965,Carbohydrate metabolism
rxn07267,Lipid metabolism
rxn34240,Carbohydrate metabolism
rxn02228,Amino acid metabolism
rxn00741,Carbohydrate metabolism
rxn33164,Xenobiotics biodegradation and metabolism
rxn34626,Carbohydrate metabolism
rxn31792,Amino acid metabolism
rxn27667,Glycan biosynthesis and metabolism
rxn30334,Metabolism of other amino acids
rxn33391,Metabolism of cofactors and vitamins
rxn34300,Nucleotide metabolism
rxn27943,Carbohydrate metabolism
rxn15351,Carbohydrate metabolism
rxn34304,Carbohydrate metabolism
rxn33231,Carbohydrate metabolism
rxn35518,Carbohydrate metabolism
rxn07486,Carbohydrate metabolism
rxn27816,Amino acid metabolism
rxn27815,
rxn19836,Amino acid metabolism
rxn33083,Amino acid metabolism
rxn30860,Metabolism of cofactors and vitamins
rxn33762,Nucleotide metabolism
rxn02400,Metabolism of cofactors and vitamins
rxn31973,Nucleotide metabolism
rxn29952,Nucleotide metabolism
rxn31059,Nucleotide metabolism
rxn32982,Nucleotide metabolism
rxn30907,Nucleotide metabolism
rxn29955,Nucleotide metabolism
rxn30908,Nucleotide metabolism
rxn32378,Nucleotide metabolism
rxn33474,Nucleotide metabolism
rxn29956,Nucleotide metabolism
rxn15783,Metabolism of cofactors and vitamins
rxn06831,Metabolism of cofactors and vitamins
rxn03397,Metabolism of cofactors and vitamins
rxn16584,
rxn04674,Metabolism of cofactors and vitamins
rxn31946,
rxn35234,Carbohydrate metabolism
rxn34258,
rxn35425,Xenobiotics biodegradation and metabolism
rxn32619,
rxn31834,Metabolism of cofactors and vitamins
rxn38689,Metabolism of cofactors and vitamins
rxn03599,Xenobiotics biodegradation and metabolism
rxn15005,Glycan biosynthesis and metabolism
rxn15478,Glycan biosynthesis and metabolism
rxn38233,Nucleotide metabolism
rxn15882,
rxn37337,Lipid metabolism
rxn00143,Amino acid metabolism
rxn30734,Amino acid metabolism
rxn33098,
rxn03167,Metabolism of cofactors and vitamins
rxn35281,
rxn00745,
rxn34220,
rxn33486,
rxn38399,Lipid metabolism
rxn27845,Metabolism of terpenoids and polyketides
rxn10534,
rxn11595,
rxn35247,
rxn35698,Nucleotide metabolism
rxn27708,Amino acid metabolism
rxn00933,Amino acid metabolism
rxn38153,Amino acid metabolism
rxn38024,Nucleotide metabolism
rxn32386,Nucleotide metabolism
rxn03039,Nucleotide metabolism
rxn00193,
rxn27686,Nucleotide metabolism
rxn02795,Lipid metabolism
rxn03094,
rxn04068,Lipid metabolism
rxn02796,Lipid metabolism
rxn02015,Lipid metabolism
rxn03095,
rxn19830,Nucleotide metabolism
rxn19898,Amino acid metabolism
rxn32371,
rxn28988,
rxn34576,Lipid metabolism
rxn12049,Metabolism of other amino acids
rxn01034,Xenobiotics biodegradation and metabolism
rxn34191,Carbohydrate metabolism
rxn34196,Metabolism of other amino acids
rxn15053,Lipid metabolism
rxn33432,Amino acid metabolism
rxn00196,Carbohydrate metabolism
rxn33696,Amino acid metabolism
rxn31895,Nucleotide metabolism
rxn33132,Amino acid metabolism
rxn32139,Glycan biosynthesis and metabolism
rxn31362,Carbohydrate metabolism
rxn32516,Amino acid metabolism
rxn32956,Xenobiotics biodegradation and metabolism
rxn32720,Carbohydrate metabolism
rxn06890,Xenobiotics biodegradation and metabolism
rxn04234,Metabolism of terpenoids and polyketides
rxn31901,Amino acid metabolism
rxn03598,Xenobiotics biodegradation and metabolism
rxn33557,
rxn02122,Carbohydrate metabolism
rxn30209,
rxn38829,Glycan biosynthesis and metabolism
rxn32605,Metabolism of other amino acids
rxn06139,Lipid metabolism
rxn32450,Metabolism of terpenoids and polyketides
rxn27724,Metabolism of cofactors and vitamins
rxn32095,Nucleotide metabolism
rxn28991,Energy metabolism
rxn30152,
rxn15216,Lipid metabolism
rxn34185,Metabolism of other amino acids
rxn33078,Amino acid metabolism
rxn27789,Carbohydrate metabolism
rxn06485,
rxn31801,Amino acid metabolism
rxn15061,Glycan biosynthesis and metabolism
rxn35442,Carbohydrate metabolism
rxn01667,Carbohydrate metabolism
rxn35242,Carbohydrate metabolism
rxn35430,Amino acid metabolism
rxn35439,
rxn02008,
rxn38115,Carbohydrate metabolism
rxn35355,Carbohydrate metabolism
rxn06429,
rxn11156,Metabolism of cofactors and vitamins
rxn31426,Carbohydrate metabolism
rxn03041,Amino acid metabolism
rxn02885,Amino acid metabolism
rxn04930,Carbohydrate metabolism
rxn01389,Carbohydrate metabolism
rxn03901,Glycan biosynthesis and metabolism
rxn06874,Energy metabolism
rxn06926,Xenobiotics biodegradation and metabolism
rxn08040,
rxn27933,Amino acid metabolism
rxn27932,Amino acid metabolism
rxn02011,Amino acid metabolism
rxn33981,Carbohydrate metabolism
rxn01303,Amino acid metabolism
rxn01484,Glycan biosynthesis and metabolism
rxn32460,Amino acid metabolism
rxn25051,Amino acid metabolism
rxn32171,Carbohydrate metabolism
rxn33806,Carbohydrate metabolism
rxn38539,Lipid metabolism
rxn38113,Carbohydrate metabolism
rxn15443,Lipid metabolism
rxn01361,Nucleotide metabolism
rxn38981,Carbohydrate metabolism
rxn35214,Carbohydrate metabolism
rxn20499,Metabolism of cofactors and vitamins
rxn35429,
rxn35443,
rxn33365,Nucleotide metabolism
rxn31868,Lipid metabolism
rxn31335,Carbohydrate metabolism
rxn38459,Carbohydrate metabolism
rxn38097,
rxn15745,Glycan biosynthesis and metabolism
rxn33067,Nucleotide metabolism
rxn33412,Lipid metabolism
rxn00855,Amino acid metabolism
rxn07474,Glycan biosynthesis and metabolism
rxn30897,Carbohydrate metabolism
rxn28001,Carbohydrate metabolism
rxn28169,Biosynthesis of other secondary metabolites
rxn32228,Metabolism of cofactors and vitamins
rxn00610,Lipid metabolism
rxn33715,
rxn07686,Lipid metabolism
rxn31412,Carbohydrate metabolism
rxn35692,Metabolism of other amino acids
rxn31441,
rxn07678,Lipid metabolism
rxn35691,Metabolism of other amino acids
rxn07682,Lipid metabolism
rxn07740,Lipid metabolism
rxn31439,Lipid metabolism
rxn31451,Lipid metabolism
rxn35693,
rxn07724,Lipid metabolism
rxn01037,Amino acid metabolism
rxn28543,Carbohydrate metabolism
rxn01494,Amino acid metabolism
rxn32376,Metabolism of terpenoids and polyketides
rxn30618,Metabolism of other amino acids
rxn15459,Carbohydrate metabolism
rxn33182,
rxn32752,
rxn32758,Lipid metabolism
rxn16213,Metabolism of other amino acids
rxn16223,
rxn16221,
rxn35284,Amino acid metabolism
rxn16206,Metabolism of other amino acids
rxn19253,Amino acid metabolism
rxn33346,
rxn31689,
rxn32991,Amino acid metabolism
rxn30983,
rxn07585,Metabolism of cofactors and vitamins
rxn15699,Metabolism of cofactors and vitamins
rxn07587,Metabolism of cofactors and vitamins
rxn38069,Carbohydrate metabolism
rxn33079,Carbohydrate metabolism
rxn15078,
rxn03482,Carbohydrate metabolism
rxn03481,Carbohydrate metabolism
rxn38070,Amino acid metabolism
rxn37956,Lipid metabolism
rxn32091,Carbohydrate metabolism
rxn00701,Carbohydrate metabolism
rxn27916,Biosynthesis of other secondary metabolites
rxn27818,Glycan biosynthesis and metabolism
rxn35527,Lipid metabolism
rxn32553,
rxn33318,Energy metabolism
rxn38029,Amino acid metabolism
rxn29946,
rxn28979,Amino acid metabolism
rxn03264,
rxn32194,Amino acid metabolism
rxn33862,Metabolism of terpenoids and polyketides
rxn38055,Amino acid metabolism
rxn38053,
rxn38054,Amino acid metabolism
rxn27994,Carbohydrate metabolism
rxn32907,Carbohydrate metabolism
rxn31264,
rxn33298,Metabolism of cofactors and vitamins
rxn28045,
rxn37640,Energy metabolism
rxn33637,
rxn35351,Amino acid metabolism
rxn32500,
rxn32798,Amino acid metabolism
rxn31783,Amino acid metabolism
rxn31982,Amino acid metabolism
rxn15060,Energy metabolism
rxn01187,Carbohydrate metabolism
rxn30386,
rxn19763,Metabolism of cofactors and vitamins
rxn38078,
rxn17745,Carbohydrate metabolism
rxn31329,Amino acid metabolism
rxn19776,Carbohydrate metabolism
rxn30447,Nucleotide metabolism
rxn33672,Nucleotide metabolism
rxn05918,Glycan biosynthesis and metabolism
rxn37546,
rxn20003,
rxn32053,Amino acid metabolism
rxn14250,Energy metabolism
rxn30151,Amino acid metabolism
rxn30045,Amino acid metabolism
rxn02285,Glycan biosynthesis and metabolism
rxn02284,Glycan biosynthesis and metabolism
rxn30643,
rxn28107,
rxn34298,Metabolism of other amino acids
rxn38009,Carbohydrate metabolism
rxn33352,Energy metabolism
rxn03379,Metabolism of other amino acids
rxn01735,Amino acid metabolism
rxn30634,Amino acid metabolism
rxn30697,Metabolism of terpenoids and polyketides
rxn11766,Xenobiotics biodegradation and metabolism
rxn32969,Nucleotide metabolism
rxn11765,Xenobiotics biodegradation and metabolism
rxn11773,Xenobiotics biodegradation and metabolism
rxn34262,Carbohydrate metabolism
rxn33867,Carbohydrate metabolism
rxn30708,Metabolism of cofactors and vitamins
rxn33299,Metabolism of cofactors and vitamins
rxn35246,
rxn32777,Carbohydrate metabolism
rxn32421,Carbohydrate metabolism
rxn06043,Lipid metabolism
rxn06798,Lipid metabolism
rxn02798,Lipid metabolism
rxn30332,Amino acid metabolism
rxn15604,Lipid metabolism
rxn15535,Glycan biosynthesis and metabolism
rxn19892,Amino acid metabolism
rxn19896,Amino acid metabolism
rxn28381,Amino acid metabolism
rxn30089,
rxn03087,Amino acid metabolism
rxn30431,Nucleotide metabolism
rxn30429,Nucleotide metabolism
rxn30430,Amino acid metabolism
rxn30428,Nucleotide metabolism
rxn38132,
rxn02089,Carbohydrate metabolism
rxn06224,Carbohydrate metabolism
rxn24829,Metabolism of cofactors and vitamins
rxn06023,Metabolism of cofactors and vitamins
rxn17384,Biosynthesis of other secondary metabolites
rxn33856,Nucleotide metabolism
rxn01973,Amino acid metabolism
rxn02144,Xenobiotics biodegradation and metabolism
rxn06045,Lipid metabolism
rxn06403,Carbohydrate metabolism
rxn15387,Metabolism of other amino acids
rxn15343,Metabolism of other amino acids
rxn33569,Biosynthesis of other secondary metabolites
rxn32425,Metabolism of cofactors and vitamins
rxn33580,
rxn26481,Lipid metabolism
rxn19956,Biosynthesis of other secondary metabolites
rxn03408,Glycan biosynthesis and metabolism
rxn03933,Glycan biosynthesis and metabolism
rxn15165,Metabolism of cofactors and vitamins
rxn37600,Carbohydrate metabolism
rxn15229,Nucleotide metabolism
rxn37586,
rxn32246,Amino acid metabolism
rxn27717,Amino acid metabolism
rxn15139,Carbohydrate metabolism
rxn15469,Lipid metabolism
rxn34778,Xenobiotics biodegradation and metabolism
rxn34772,Carbohydrate metabolism
rxn38342,Carbohydrate metabolism
rxn34777,Carbohydrate metabolism
rxn33707,Lipid metabolism
rxn38341,Biosynthesis of other secondary metabolites
rxn34769,
rxn34775,Lipid metabolism
rxn34779,Glycan biosynthesis and metabolism
rxn27876,Carbohydrate metabolism
rxn19488,
rxn28646,Lipid metabolism
rxn31983,
rxn20630,Amino acid metabolism
rxn03445,Metabolism of cofactors and vitamins
rxn33193,Nucleotide metabolism
rxn06219,Lipid metabolism
rxn37873,Lipid metabolism
rxn31786,
rxn35448,Amino acid metabolism
rxn31923,Carbohydrate metabolism
rxn33242,
rxn32058,
rxn32711,Carbohydrate metabolism
rxn34627,Carbohydrate metabolism
rxn28109,Xenobiotics biodegradation and metabolism
rxn28046,Metabolism of cofactors and vitamins
rxn06090,Lipid metabolism
rxn16798,Carbohydrate metabolism
rxn00879,Biosynthesis of other secondary metabolites
rxn01967,Carbohydrate metabolism
rxn35346,Biosynthesis of other secondary metabolites
rxn31870,Metabolism of cofactors and vitamins
rxn02154,Metabolism of cofactors and vitamins
rxn38181,Metabolism of cofactors and vitamins
rxn06850,Lipid metabolism
rxn15667,
rxn38060,Amino acid metabolism
rxn01016,Energy metabolism
rxn30680,Metabolism of cofactors and vitamins
rxn02617,Carbohydrate metabolism
rxn01615,Carbohydrate metabolism
rxn01305,Carbohydrate metabolism
rxn27919,Nucleotide metabolism
rxn11772,Xenobiotics biodegradation and metabolism
rxn38134,Nucleotide metabolism
rxn32876,Xenobiotics biodegradation and metabolism
rxn15188,Carbohydrate metabolism
rxn35431,
rxn35428,Nucleotide metabolism
rxn04082,Carbohydrate metabolism
rxn20661,Amino acid metabolism
rxn13975,Biosynthesis of other secondary metabolites
rxn33387,
rxn14156,Biosynthesis of other secondary metabolites
rxn32196,Carbohydrate metabolism
rxn14059,Biosynthesis of other secondary metabolites
rxn27543,
rxn33015,
rxn14278,Biosynthesis of other secondary metabolites
rxn13995,Biosynthesis of other secondary metabolites
rxn14248,Biosynthesis of other secondary metabolites
rxn31790,Metabolism of cofactors and vitamins
rxn01685,Carbohydrate metabolism
rxn01686,Carbohydrate metabolism
rxn15373,Carbohydrate metabolism
rxn02112,Carbohydrate metabolism
rxn03150,Metabolism of cofactors and vitamins
rxn32961,Amino acid metabolism
rxn00426,Amino acid metabolism
rxn03513,Metabolism of cofactors and vitamins
rxn04047,Metabolism of cofactors and vitamins
rxn32643,Metabolism of cofactors and vitamins
rxn02743,Amino acid metabolism
rxn13939,
rxn33633,Carbohydrate metabolism
rxn38104,Metabolism of terpenoids and polyketides
rxn38135,
rxn38099,Metabolism of terpenoids and polyketides
rxn38244,Nucleotide metabolism
rxn29942,Nucleotide metabolism
rxn38043,Amino acid metabolism
rxn32242,Amino acid metabolism
rxn32174,Energy metabolism
rxn03086,Amino acid metabolism
rxn35311,
rxn35310,Biosynthesis of other secondary metabolites
rxn32259,Carbohydrate metabolism
rxn00577,Carbohydrate metabolism
rxn38243,Amino acid metabolism
rxn06934,Carbohydrate metabolism
rxn38909,Amino acid metabolism
rxn30397,Amino acid metabolism
rxn38910,Amino acid metabolism
rxn30398,Amino acid metabolism
rxn27788,Amino acid metabolism
rxn31977,Amino acid metabolism
rxn03951,Metabolism of cofactors and vitamins
rxn05116,Metabolism of cofactors and vitamins
rxn11663,
rxn30339,Amino acid metabolism
rxn37661,Metabolism of cofactors and vitamins
rxn35343,Lipid metabolism
rxn32750,Metabolism of cofactors and vitamins
rxn38136,Amino acid metabolism
rxn33374,
rxn31423,
rxn00461,Glycan biosynthesis and metabolism
rxn30143,Carbohydrate metabolism
rxn15018,Nucleotide metabolism
rxn15049,Nucleotide metabolism
rxn00407,Nucleotide metabolism
rxn32567,Nucleotide metabolism
rxn33392,
rxn11756,Xenobiotics biodegradation and metabolism
rxn15490,Nucleotide metabolism
rxn27525,Metabolism of cofactors and vitamins
rxn27110,Amino acid metabolism
rxn05115,Nucleotide metabolism
rxn34273,Nucleotide metabolism
rxn38499,Metabolism of terpenoids and polyketides
rxn31366,Energy metabolism
rxn27536,Energy metabolism
rxn38691,
rxn38692,Metabolism of cofactors and vitamins
rxn38694,Metabolism of cofactors and vitamins
rxn19071,Nucleotide metabolism
rxn35345,Carbohydrate metabolism
rxn15383,Carbohydrate metabolism
rxn01772,Amino acid metabolism
rxn15449,
rxn38274,Metabolism of cofactors and vitamins
rxn30396,Metabolism of cofactors and vitamins
rxn30368,
rxn33610,
rxn38273,
rxn02286,
rxn38696,
rxn16574,
rxn00133,Nucleotide metabolism
rxn02020,Nucleotide metabolism
rxn00714,Nucleotide metabolism
rxn32324,Carbohydrate metabolism
rxn14169,Amino acid metabolism
rxn35454,
rxn34204,Carbohydrate metabolism
rxn31437,Lipid metabolism
rxn35283,Amino acid metabolism
rxn02483,Xenobiotics biodegradation and metabolism
rxn34770,Carbohydrate metabolism
rxn05235,Nucleotide metabolism
rxn05232,Nucleotide metabolism
rxn05236,Nucleotide metabolism
rxn06648,
rxn05234,Nucleotide metabolism
rxn01416,Energy metabolism
rxn32226,Carbohydrate metabolism
rxn03903,Glycan biosynthesis and metabolism
rxn03904,Glycan biosynthesis and metabolism
rxn27766,Nucleotide metabolism
rxn28376,Nucleotide metabolism
rxn38117,Carbohydrate metabolism
rxn07204,Energy metabolism
rxn30380,Metabolism of cofactors and vitamins
rxn30369,Metabolism of cofactors and vitamins
rxn32249,Amino acid metabolism
rxn32754,Metabolism of cofactors and vitamins
rxn03031,Amino acid metabolism
rxn00471,Amino acid metabolism
rxn14043,Metabolism of other amino acids
rxn15875,
rxn01669,Metabolism of cofactors and vitamins
rxn33166,Metabolism of cofactors and vitamins
rxn06081,Lipid metabolism
rxn01352,Nucleotide metabolism
rxn38278,
rxn32389,Lipid metabolism
rxn38702,Amino acid metabolism
rxn03869,Xenobiotics biodegradation and metabolism
rxn06522,
rxn38142,Amino acid metabolism
rxn05114,Nucleotide metabolism
rxn38509,Xenobiotics biodegradation and metabolism
rxn04650,Xenobiotics biodegradation and metabolism
rxn07908,Xenobiotics biodegradation and metabolism
rxn15998,Xenobiotics biodegradation and metabolism
rxn16084,Xenobiotics biodegradation and metabolism
rxn38059,
rxn16082,Xenobiotics biodegradation and metabolism
rxn07909,Xenobiotics biodegradation and metabolism
rxn03800,Xenobiotics biodegradation and metabolism
rxn28560,Nucleotide metabolism
rxn28091,Carbohydrate metabolism
rxn34299,Carbohydrate metabolism
rxn32978,Carbohydrate metabolism
rxn00348,Amino acid metabolism
rxn11768,Xenobiotics biodegradation and metabolism
rxn27944,Nucleotide metabolism
rxn38257,Amino acid metabolism
rxn33688,Biosynthesis of other secondary metabolites
rxn33703,Biosynthesis of other secondary metabolites
rxn16679,Amino acid metabolism
rxn37953,
rxn19646,
rxn34567,Amino acid metabolism
rxn38148,Carbohydrate metabolism
rxn35449,Metabolism of terpenoids and polyketides
rxn03380,
rxn05909,Amino acid metabolism
rxn30635,Amino acid metabolism
rxn29006,
rxn38123,
rxn03159,Glycan biosynthesis and metabolism
rxn16195,Metabolism of terpenoids and polyketides
rxn06080,Lipid metabolism
rxn38121,Amino acid metabolism
rxn13914,Biosynthesis of other secondary metabolites
rxn03140,Glycan biosynthesis and metabolism
rxn03540,Metabolism of cofactors and vitamins
rxn33062,
rxn32556,Nucleotide metabolism
rxn27716,Carbohydrate metabolism
rxn04051,
rxn38284,Carbohydrate metabolism
rxn13801,
rxn19213,Nucleotide metabolism
biomass_GmPos,
rxn06079,Lipid metabolism
rxn09018,Metabolism of terpenoids and polyketides
rxn15164,Metabolism of cofactors and vitamins
rxn05513,
rxn08290,
rxn41598,
rxn05676,
rxn05149,Nucleotide metabolism
rxn09180,Amino acid metabolism
EXpd00644,
rxn41427,
EXpd00066,
rxn31584,Amino acid metabolism
EXpd00069,
EXpd00393,
EXpd00107,
EX_biomass,
rxn08317,
GmPosellwall,
rxn47471,
rxn01644,
rxn01207,
rxn00621,Lipid metabolism
rxn03852,
rxn01953,Glycan biosynthesis and metabolism
rxn05168,Nucleotide metabolism
EXpd00063,
rxn40745,
rxn20838,Metabolism of terpenoids and polyketides
rxn44825,
rxn02010,Glycan biosynthesis and metabolism
EXpd00119,
rxn02341,Metabolism of cofactors and vitamins
EXpd00105,
EXpd00246,
rxn10060,Energy metabolism
EXpd00242,
rxn12800,Carbohydrate metabolism
rxn34879,
rxn05165,Nucleotide metabolism
rxn20204,
rxn41088,
protein_rxn,
EXpd00099,
EXpd00156,
rxn05160,Nucleotide metabolism
rxn16597,
rxn08224,
rxn12512,Metabolism of cofactors and vitamins
EXpd00305,
rxn31548,
rxn08295,
EXpd00009,
EXpd00263,
rxn04702,Xenobiotics biodegradation and metabolism
rxn12776,Carbohydrate metabolism
rxn03843,
rxn08879,
rxn08924,Metabolism of cofactors and vitamins
rxn04750,Amino acid metabolism
rxn09109,Metabolism of cofactors and vitamins
rxn01501,Metabolism of terpenoids and polyketides
rxn18585,Nucleotide metabolism
EXpd00104,
rxn25238,Amino acid metabolism
rna_rxn,
rxn08547,
EXpd00205,
EXpd00030,
rxn36480,Lipid metabolism
rxn34228,Carbohydrate metabolism
rxn00598,Amino acid metabolism
rxn10562,Energy metabolism
teichoicacid_rxn,
rxn13097,Nucleotide metabolism
rxn10580,
rxn10867,
cofactor_rxn,
rxn29888,Carbohydrate metabolism
rxn35958,
EXpd10515,
rxn28460,
rxn25583,Biosynthesis of other secondary metabolites
rxn18920,
rxn19210,Amino acid metabolism
rxn10271,Energy metabolism
rxn09126,Metabolism of cofactors and vitamins
rxn13893,Amino acid metabolism
rxn40387,Metabolism of other amino acids
rxn10272,Energy metabolism
rxn08231,
rxn06033,Lipid metabolism
EXpd00367,
rxn08551,
EXpd00065,
EXpd00209,
rxn08820,
rxn10281,Energy metabolism
EXpd00149,
peptidoglycan_rxn,
rxn11676,
rxn01541,Nucleotide metabolism
rxn18579,Nucleotide metabolism
rxn00033,Amino acid metabolism
EXpd01281,
rxn15161,Glycan biosynthesis and metabolism
rxn42899,
rxn18910,Nucleotide metabolism
rxn11036,
rxn20769,Biosynthesis of other secondary metabolites
rxn12772,Carbohydrate metabolism
rxn05224,Nucleotide metabolism
rxn30532,
EXpd00129,
rxn31408,Lipid metabolism
EXpd00654,
rxn16842,
lipid_rxn,
rxn05177,Nucleotide metabolism
EXpd00060,
rxn38868,Amino acid metabolism
EXpd00254,
EXpd00220,
rxn44035,
rxn46214,
rxn08200,
rxn20839,Metabolism of terpenoids and polyketides
rxn08202,
rxn05223,Nucleotide metabolism
rxn29210,Metabolism of terpenoids and polyketides
rxn26394,Metabolism of other amino acids
rxn26011,Amino acid metabolism
rxn10280,Energy metabolism
EXpd00133,
rxn01504,Amino acid metabolism
rxn00949,Energy metabolism
rxn08088,
EXpd00971,
rxn05166,Nucleotide metabolism
rxn08021,
rxn09111,Metabolism of cofactors and vitamins
rxn08233,
rxn09166,Metabolism of cofactors and vitamins
dna_rxn,
rxn03141,Glycan biosynthesis and metabolism
rxn08084,
rxn13659,
rxn10177,Metabolism of terpenoids and polyketides
rxn05145,Nucleotide metabolism
rxn01467,Metabolism of terpenoids and polyketides
rxn10954,Amino acid metabolism
EXpd00067,
EXpd00075,
EXpd15561,
EXpd00001,
EXpd00235,
EXpd00035,
EXpd00051,
EXpd00132,
EXpd00041,
EXpd00084,
EXpd00053,
EXpd00023,
EXpd00033,
EXpd00322,
EXpd00039,
EXpd00054,
EXpd00161,
EXpd00027,
rxn09865,Xenobiotics biodegradation and metabolism
rxn05508,
rxn05573,
rxn10834,
rxn47859,
rxn42058,
rxn09307,
rxn42988,
rxn45744,
rxn05244,
rxn47074,
rxn46348,
rxn27379,Amino acid metabolism
rxn16485,
rxn14044,Carbohydrate metabolism
rxn16573,Metabolism of cofactors and vitamins
rxn05128,Amino acid metabolism
rxn01800,Nucleotide metabolism
rxn33463,
rxn11749,Xenobiotics biodegradation and metabolism
rxn00634,Carbohydrate metabolism
rxn37675,Carbohydrate metabolism
rxn01306,Carbohydrate metabolism
rxn02000,Biosynthesis of other secondary metabolites
rxn16829,Nucleotide metabolism
rxn31851,Carbohydrate metabolism
rxn01506,Glycan biosynthesis and metabolism
rxn03969,Xenobiotics biodegradation and metabolism
rxn32122,Carbohydrate metabolism
rxn02980,Xenobiotics biodegradation and metabolism
rxn07476,Glycan biosynthesis and metabolism
rxn02030,
rxn32104,Metabolism of cofactors and vitamins
rxn16839,
rxn15233,Carbohydrate metabolism
rxn03974,Biosynthesis of other secondary metabolites
rxn16503,
rxn16356,Nucleotide metabolism
rxn15088,Carbohydrate metabolism
rxn06348,Carbohydrate metabolism
rxn33272,Energy metabolism
rxn23797,Metabolism of cofactors and vitamins
rxn26073,Glycan biosynthesis and metabolism
rxn32939,Nucleotide metabolism
rxn32176,Nucleotide metabolism
rxn34212,Amino acid metabolism
rxn03362,Amino acid metabolism
rxn00729,Amino acid metabolism
rxn07479,Xenobiotics biodegradation and metabolism
rxn16613,Glycan biosynthesis and metabolism
rxn03919,Glycan biosynthesis and metabolism
rxn32133,Metabolism of cofactors and vitamins
rxn34789,Carbohydrate metabolism
rxn01475,Carbohydrate metabolism
rxn01474,Carbohydrate metabolism
rxn15899,Carbohydrate metabolism
rxn02896,Biosynthesis of other secondary metabolites
rxn01142,Amino acid metabolism
rxn01893,Amino acid metabolism
rxn03272,
rxn20471,
rxn15363,Carbohydrate metabolism
rxn11965,Carbohydrate metabolism
rxn15746,Glycan biosynthesis and metabolism
rxn06678,Carbohydrate metabolism
rxn06860,Carbohydrate metabolism
rxn14028,
rxn14136,Metabolism of terpenoids and polyketides
rxn02663,Xenobiotics biodegradation and metabolism
rxn03644,Energy metabolism
rxn16622,Carbohydrate metabolism
rxn08186,Metabolism of cofactors and vitamins
rxn38867,Amino acid metabolism
rxn00728,Amino acid metabolism
rxn08086,
rxn01508,Nucleotide metabolism
COG3601,
rxn01512,Nucleotide metabolism
rxn08536,
rxn09165,Metabolism of cofactors and vitamins
rxn09339,Metabolism of terpenoids and polyketides
rxn38796,Carbohydrate metabolism
rxn17066,Biosynthesis of other secondary metabolites
EXpd00438,
EXpd00082,
EXpd00048,
rxn08293,
rxn16887,
rxn05256,
rxn00553,Carbohydrate metabolism
rxn00587,Xenobiotics biodegradation and metabolism
rxn10202,Energy metabolism
rxn00693,Amino acid metabolism
rxn00339,
rxn00478,Amino acid metabolism
rxn29082,Carbohydrate metabolism
rxn31585,Amino acid metabolism
rxn00540,Amino acid metabolism
rxn01952,
EXpd00274,
rxn31328,
rxn05651,
rxn05222,Nucleotide metabolism
rxn15065,
rxn30458,
rxn09425,Lipid metabolism
rxn05220,Nucleotide metabolism
rxn08947,Metabolism of cofactors and vitamins
rxn29122,Carbohydrate metabolism
rxn10175,
rxn01896,Xenobiotics biodegradation and metabolism
rxn02129,Metabolism of cofactors and vitamins
rxn09615,Xenobiotics biodegradation and metabolism
rxn12811,Carbohydrate metabolism
rxn09300,
rxn20289,Nucleotide metabolism
rxn13231,Xenobiotics biodegradation and metabolism
rxn05151,Nucleotide metabolism
rxn05147,Nucleotide metabolism
rxn09304,
rxn05179,Nucleotide metabolism
rxn19339,Xenobiotics biodegradation and metabolism
rxn19338,Nucleotide metabolism
rxn17765,Amino acid metabolism
rxn19341,Metabolism of cofactors and vitamins
rxn19340,
rxn17766,Nucleotide metabolism
rxn17763,Amino acid metabolism
rxn17767,Nucleotide metabolism
rxn15210,Carbohydrate metabolism
rxn15727,Xenobiotics biodegradation and metabolism
rxn15725,Biosynthesis of other secondary metabolites
rxn00519,Carbohydrate metabolism
rxn00305,Carbohydrate metabolism
rxn31394,
rxn05029,Metabolism of cofactors and vitamins
rxn03535,Metabolism of cofactors and vitamins
rxn08194,
rxn06741,
rxn07241,
rxn32050,Carbohydrate metabolism
rxn00783,Carbohydrate metabolism
rxn03884,Carbohydrate metabolism
rxn32021,Metabolism of cofactors and vitamins
rxn17854,Lipid metabolism
rxn21401,
rxn38835,Carbohydrate metabolism
rxn32387,Carbohydrate metabolism
rxn12147,Carbohydrate metabolism
rxn32413,Carbohydrate metabolism
rxn35418,Metabolism of cofactors and vitamins
rxn28089,Carbohydrate metabolism
rxn30338,Carbohydrate metabolism
rxn33484,Carbohydrate metabolism
rxn35424,Amino acid metabolism
rxn05117,Metabolism of cofactors and vitamins
rxn05119,Metabolism of cofactors and vitamins
rxn16824,Metabolism of cofactors and vitamins
rxn20655,Carbohydrate metabolism
rxn32814,
rxn32287,Nucleotide metabolism
rxn15075,Carbohydrate metabolism
rxn15073,Carbohydrate metabolism
rxn15074,
rxn35432,Amino acid metabolism
rxn32357,
rxn03395,Metabolism of cofactors and vitamins
rxn33220,Metabolism of terpenoids and polyketides
rxn15785,Metabolism of cofactors and vitamins
rxn23800,Lipid metabolism
rxn27334,
rxn07352,Metabolism of terpenoids and polyketides
rxn07355,Metabolism of terpenoids and polyketides
rxn07358,Metabolism of terpenoids and polyketides
rxn07360,Metabolism of terpenoids and polyketides
rxn07366,Metabolism of terpenoids and polyketides
rxn16246,Xenobiotics biodegradation and metabolism
rxn04895,Xenobiotics biodegradation and metabolism
rxn04832,Xenobiotics biodegradation and metabolism
rxn04830,Xenobiotics biodegradation and metabolism
rxn04873,Xenobiotics biodegradation and metabolism
rxn15652,Xenobiotics biodegradation and metabolism
rxn11808,Xenobiotics biodegradation and metabolism
rxn04811,Xenobiotics biodegradation and metabolism
rxn04894,Xenobiotics biodegradation and metabolism
rxn04903,Xenobiotics biodegradation and metabolism
rxn04886,Xenobiotics biodegradation and metabolism
rxn31883,Xenobiotics biodegradation and metabolism
rxn04810,Xenobiotics biodegradation and metabolism
rxn04872,Xenobiotics biodegradation and metabolism
rxn07181,Xenobiotics biodegradation and metabolism
rxn04833,Xenobiotics biodegradation and metabolism
rxn32152,Xenobiotics biodegradation and metabolism
rxn04809,Xenobiotics biodegradation and metabolism
rxn04831,Xenobiotics biodegradation and metabolism
rxn04896,Xenobiotics biodegradation and metabolism
rxn38046,
rxn33400,
rxn03378,
rxn38143,Metabolism of cofactors and vitamins
rxn01221,Nucleotide metabolism
rxn01222,Nucleotide metabolism
rxn01025,Nucleotide metabolism
rxn02090,Amino acid metabolism
rxn00717,Nucleotide metabolism
rxn27432,Metabolism of cofactors and vitamins
rxn35415,
rxn32591,Metabolism of cofactors and vitamins
rxn01775,Carbohydrate metabolism
rxn32932,Amino acid metabolism
rxn33143,Metabolism of cofactors and vitamins
rxn12146,Carbohydrate metabolism
rxn15923,Metabolism of cofactors and vitamins
rxn15930,Metabolism of cofactors and vitamins
rxn38130,Amino acid metabolism
rxn15964,Energy metabolism
rxn32195,Amino acid metabolism
rxn01729,Amino acid metabolism
rxn31894,Amino acid metabolism
rxn00629,Carbohydrate metabolism
rxn38535,Amino acid metabolism
rxn16678,Amino acid metabolism
rxn01857,Carbohydrate metabolism
rxn01124,Carbohydrate metabolism
rxn33256,Nucleotide metabolism
rxn03885,Carbohydrate metabolism
rxn09177,Metabolism of cofactors and vitamins
rxn02007,Carbohydrate metabolism
rxn15544,
rxn15213,Carbohydrate metabolism
rxn15293,Carbohydrate metabolism
rxn08801,
rxn12575,Metabolism of cofactors and vitamins
rxn08535,
rxn32502,Xenobiotics biodegradation and metabolism
rxn09004,Metabolism of terpenoids and polyketides
rxn05616,
R03018,Metabolism of cofactors and vitamins
rxn27534,Amino acid metabolism
rxn15571,
rxn09149,Metabolism of cofactors and vitamins
rxn02866,Amino acid metabolism
rxn08241,
rxn10939,
rxn10106,Energy metabolism
rxn00503,Amino acid metabolism
rxn08188,Metabolism of cofactors and vitamins
rxn32239,
rxn00605,
rxn05563,
rxn09063,Metabolism of cofactors and vitamins
rxn11014,
rxn01607,Metabolism of terpenoids and polyketides
rxn35957,
EXpd00079,
rxn08856,
rxn08617,Carbohydrate metabolism
rxn08162,Nucleotide metabolism
rxn09306,
rxn38693,
rxn31960,Metabolism of cofactors and vitamins
rxn01252,Metabolism of cofactors and vitamins
rxn01251,Metabolism of cofactors and vitamins
rxn34727,Lipid metabolism
rxn34719,Lipid metabolism
rxn37968,
rxn01022,Amino acid metabolism
rxn01972,Amino acid metabolism
rxn06869,
rxn11775,
rxn00784,Carbohydrate metabolism
rxn30019,Amino acid metabolism
rxn15155,Glycan biosynthesis and metabolism
rxn00837,Nucleotide metabolism
rxn08113,Carbohydrate metabolism
rxn26505,
rxn15536,
rxn15315,Lipid metabolism
rxn00615,Lipid metabolism
rxn15095,Carbohydrate metabolism
rxn03003,Amino acid metabolism
rxn01109,Carbohydrate metabolism
rxn01108,Carbohydrate metabolism
rxn16801,Carbohydrate metabolism
rxn02258,Carbohydrate metabolism
rxn01734,Carbohydrate metabolism
rxn31942,Nucleotide metabolism
rxn32204,Nucleotide metabolism
rxn31210,Amino acid metabolism
rxn19980,Carbohydrate metabolism
rxn09320,
rxn27785,Carbohydrate metabolism
rxn03594,Xenobiotics biodegradation and metabolism
rxn03650,Xenobiotics biodegradation and metabolism
rxn38430,Amino acid metabolism
rxn38669,Biosynthesis of other secondary metabolites
rxn01293,Xenobiotics biodegradation and metabolism
rxn03649,Xenobiotics biodegradation and metabolism
rxn19936,Nucleotide metabolism
rxn31917,Nucleotide metabolism
rxn01642,Amino acid metabolism
rxn04482,Metabolism of terpenoids and polyketides
rxn14399,
rxn27531,
rxn37906,Metabolism of other amino acids
rxn33222,Nucleotide metabolism
rxn31962,Xenobiotics biodegradation and metabolism
rxn32220,Xenobiotics biodegradation and metabolism
rxn04598,Amino acid metabolism
rxn04597,Amino acid metabolism
rxn02788,Xenobiotics biodegradation and metabolism
rxn03690,Xenobiotics biodegradation and metabolism
rxn15222,Carbohydrate metabolism
rxn34226,
rxn06694,
rxn38082,Nucleotide metabolism
rxn00297,Glycan biosynthesis and metabolism
rxn31988,Amino acid metabolism
rxn11761,Xenobiotics biodegradation and metabolism
rxn01143,Nucleotide metabolism
rxn01518,Nucleotide metabolism
rxn20592,
rxn02192,Lipid metabolism
rxn00715,Nucleotide metabolism
rxn01679,Nucleotide metabolism
rxn01370,Nucleotide metabolism
rxn01705,Nucleotide metabolism
rxn00707,Nucleotide metabolism
rxn38833,Nucleotide metabolism
rxn01515,Nucleotide metabolism
rxn00368,Nucleotide metabolism
rxn00712,Nucleotide metabolism
rxn01706,Nucleotide metabolism
rxn01510,Nucleotide metabolism
rxn00365,Nucleotide metabolism
rxn01674,Nucleotide metabolism
rxn01516,Nucleotide metabolism
rxn00369,Nucleotide metabolism
rxn11760,Xenobiotics biodegradation and metabolism
rxn01128,Nucleotide metabolism
rxn38831,Nucleotide metabolism
rxn01129,Nucleotide metabolism
rxn00829,Metabolism of terpenoids and polyketides
rxn00002,Amino acid metabolism
rxn20503,
rxn30395,Glycan biosynthesis and metabolism
rxn16581,
rxn14132,
rxn08521,
rxn08458,
rxn02084,Amino acid metabolism
rxn01395,Carbohydrate metabolism
rxn03514,Metabolism of cofactors and vitamins
rxn30072,
rxn00265,
rxn32216,Nucleotide metabolism
rxn03491,Metabolism of cofactors and vitamins
rxn34235,Metabolism of other amino acids
rxn15146,Glycan biosynthesis and metabolism
rxn02943,Glycan biosynthesis and metabolism
rxn34729,Lipid metabolism
rxn34728,Lipid metabolism
rxn34732,Lipid metabolism
rxn37816,Xenobiotics biodegradation and metabolism
rxn34630,Carbohydrate metabolism
rxn02949,Amino acid metabolism
rxn34731,Amino acid metabolism
rxn35541,Amino acid metabolism
rxn34730,Lipid metabolism
rxn06216,Lipid metabolism
rxn32064,Metabolism of other amino acids
rxn34733,Lipid metabolism
rxn37861,Biosynthesis of other secondary metabolites
rxn32636,Xenobiotics biodegradation and metabolism
rxn00152,Carbohydrate metabolism
rxn02263,Carbohydrate metabolism
rxn37694,Metabolism of cofactors and vitamins
rxn01671,Metabolism of cofactors and vitamins
rxn06983,Carbohydrate metabolism
rxn27618,Lipid metabolism
rxn32684,Carbohydrate metabolism
rxn06227,
rxn37685,Metabolism of terpenoids and polyketides
rxn00340,Amino acid metabolism
rxn32803,Carbohydrate metabolism
rxn32571,Carbohydrate metabolism
rxn32492,Carbohydrate metabolism
rxn34257,
rxn33087,Carbohydrate metabolism
rxn38004,Carbohydrate metabolism
rxn04604,Amino acid metabolism
rxn01895,Amino acid metabolism
rxn02405,Glycan biosynthesis and metabolism
rxn00624,Amino acid metabolism
rxn00279,Amino acid metabolism
rxn35519,Carbohydrate metabolism
rxn27109,Amino acid metabolism
rxn01799,Nucleotide metabolism
rxn11757,Xenobiotics biodegradation and metabolism
rxn01366,Nucleotide metabolism
rxn06077,Amino acid metabolism
rxn31936,
rxn00452,Amino acid metabolism
rxn16230,Metabolism of terpenoids and polyketides
rxn16222,Metabolism of terpenoids and polyketides
rxn04264,Metabolism of terpenoids and polyketides
rxn16226,Metabolism of terpenoids and polyketides
rxn16235,Energy metabolism
rxn42091,
rxn22535,Glycan biosynthesis and metabolism
rxn03030,Amino acid metabolism
rxn45777,
rxn34053,Carbohydrate metabolism
rxn08377,Lipid metabolism
rxn41785,
rxn00495,Amino acid metabolism
rxn40505,
rxn08822,
rxn40099,Energy metabolism
EXpd00412,
rxn09124,Metabolism of cofactors and vitamins
rxn41888,
rxn05202,Nucleotide metabolism
rxn21417,Biosynthesis of other secondary metabolites
rxn40643,
rxn08043,Amino acid metabolism
rxn20288,Nucleotide metabolism
rxn10104,Energy metabolism
rxn06418,
EXpd00309,
rxn30504,Metabolism of terpenoids and polyketides
rxn00908,Carbohydrate metabolism
rxn10105,Energy metabolism
rxn05893,Energy metabolism
rxn01333,Carbohydrate metabolism
rxn05549,
EXpd01242,
rxn09128,Metabolism of cofactors and vitamins
rxn05245,
rxn29369,Carbohydrate metabolism
rxn08818,
rxn14152,Amino acid metabolism
rxn04603,Amino acid metabolism
rxn33937,
rxn05625,
rxn31383,
rxn23405,Glycan biosynthesis and metabolism
rxn04600,Amino acid metabolism
rxn08169,Metabolism of cofactors and vitamins
rxn00926,Nucleotide metabolism
rxn00004,Xenobiotics biodegradation and metabolism
rxn00255,Xenobiotics biodegradation and metabolism
rxn01724,Metabolism of cofactors and vitamins
rxn37674,Metabolism of other amino acids
rxn33448,Amino acid metabolism
rxn02318,Carbohydrate metabolism
rxn06091,Lipid metabolism
rxn32753,Lipid metabolism
rxn33063,Amino acid metabolism
rxn31887,Lipid metabolism
rxn34718,Lipid metabolism
rxn34716,Lipid metabolism
rxn34710,Lipid metabolism
rxn30116,Lipid metabolism
rxn37889,Lipid metabolism
rxn34717,Lipid metabolism
rxn34709,Lipid metabolism
rxn02196,Biosynthesis of other secondary metabolites
rxn35554,Amino acid metabolism
rxn30541,
rxn35553,Amino acid metabolism
rxn35551,Amino acid metabolism
rxn35549,Amino acid metabolism
rxn31250,Lipid metabolism
rxn15354,Carbohydrate metabolism
rxn34231,Carbohydrate metabolism
rxn02432,Glycan biosynthesis and metabolism
rxn02433,Glycan biosynthesis and metabolism
rxn34705,
rxn00984,
rxn07804,Xenobiotics biodegradation and metabolism
rxn07807,Xenobiotics biodegradation and metabolism
rxn07832,Xenobiotics biodegradation and metabolism
rxn00787,Carbohydrate metabolism
rxn35452,Carbohydrate metabolism
rxn00779,Carbohydrate metabolism
rxn15298,Carbohydrate metabolism
rxn02332,Carbohydrate metabolism
rxn33266,Carbohydrate metabolism
rxn16091,Xenobiotics biodegradation and metabolism
rxn07904,Xenobiotics biodegradation and metabolism
rxn15641,Xenobiotics biodegradation and metabolism
rxn03612,Xenobiotics biodegradation and metabolism
rxn03691,Xenobiotics biodegradation and metabolism
rxn20041,
rxn20040,Xenobiotics biodegradation and metabolism
rxn03669,Xenobiotics biodegradation and metabolism
rxn07484,Xenobiotics biodegradation and metabolism
rxn03596,Xenobiotics biodegradation and metabolism
rxn03668,Xenobiotics biodegradation and metabolism
rxn07485,Xenobiotics biodegradation and metabolism
EXpd08625,
rxn10477,Metabolism of cofactors and vitamins
rxn31766,Nucleotide metabolism
rxn32811,
rxn09145,Metabolism of cofactors and vitamins
rxn31385,
rxn09614,Xenobiotics biodegradation and metabolism
rxn09715,Nucleotide metabolism
rxn08309,
EXpd03279,
rxn08307,
rxn08344,
rxn05644,
rxn19701,Energy metabolism
rxn30478,
rxn12196,Biosynthesis of other secondary metabolites
rxn27998,Glycan biosynthesis and metabolism
rxn00778,Carbohydrate metabolism
rxn40040,Energy metabolism
rxn08797,
rxn16317,
rxn05226,Nucleotide metabolism
rxn16350,
rxn05305,Lipid metabolism
rxn05300,Lipid metabolism
rxn15728,Carbohydrate metabolism
rxn11879,Carbohydrate metabolism
rxn29019,Metabolism of terpenoids and polyketides
rxn37671,
rxn03546,Xenobiotics biodegradation and metabolism
rxn34194,Metabolism of other amino acids
rxn32560,Carbohydrate metabolism
rxn02527,Carbohydrate metabolism
rxn19673,Energy metabolism
rxn02161,Carbohydrate metabolism
rxn01390,Carbohydrate metabolism
rxn28309,Metabolism of cofactors and vitamins
rxn02716,Metabolism of cofactors and vitamins
rxn04160,Metabolism of cofactors and vitamins
rxn00278,Amino acid metabolism
rxn03023,Carbohydrate metabolism
rxn35164,Lipid metabolism
rxn00871,Carbohydrate metabolism
rxn16385,Metabolism of cofactors and vitamins
rxn01684,
rxn01446,Nucleotide metabolism
rxn01647,Metabolism of cofactors and vitamins
rxn01358,Nucleotide metabolism
rxn30188,Nucleotide metabolism
rxn33382,
rxn30189,Nucleotide metabolism
rxn01646,Metabolism of cofactors and vitamins
rxn01859,Nucleotide metabolism
rxn01985,Nucleotide metabolism
rxn34633,Amino acid metabolism
rxn18964,Carbohydrate metabolism
rxn11590,
rxn03792,Xenobiotics biodegradation and metabolism
rxn03791,Xenobiotics biodegradation and metabolism
rxn03790,Xenobiotics biodegradation and metabolism
rxn35544,Amino acid metabolism
rxn03173,Metabolism of cofactors and vitamins
rxn01986,Carbohydrate metabolism
rxn03043,Carbohydrate metabolism
rxn00801,Amino acid metabolism
rxn31397,Xenobiotics biodegradation and metabolism
rxn31381,Carbohydrate metabolism
rxn11962,Amino acid metabolism
rxn05984,Amino acid metabolism
rxn30731,
rxn03263,Metabolism of other amino acids
rxn30378,Metabolism of other amino acids
rxn01176,Carbohydrate metabolism
rxn03704,Xenobiotics biodegradation and metabolism
rxn03607,Xenobiotics biodegradation and metabolism
rxn02861,Xenobiotics biodegradation and metabolism
rxn03706,Xenobiotics biodegradation and metabolism
rxn07602,Xenobiotics biodegradation and metabolism
rxn33140,Lipid metabolism
rxn06086,Lipid metabolism
rxn05963,Lipid metabolism
rxn00762,Lipid metabolism
rxn00375,Amino acid metabolism
rxn15220,Carbohydrate metabolism
rxn04052,Metabolism of cofactors and vitamins
rxn03512,Metabolism of cofactors and vitamins
rxn01621,Carbohydrate metabolism
rxn01308,Carbohydrate metabolism
rxn04527,Metabolism of terpenoids and polyketides
rxn02281,Amino acid metabolism
rxn04662,Amino acid metabolism
rxn04661,Amino acid metabolism
rxn01363,Amino acid metabolism
rxn11510,
rxn30442,
rxn16799,Carbohydrate metabolism
rxn00995,
rxn05124,Amino acid metabolism
rxn01135,Carbohydrate metabolism
rxn00162,Carbohydrate metabolism
rxn30665,Lipid metabolism
rxn31218,
rxn03643,Carbohydrate metabolism
rxn07541,Xenobiotics biodegradation and metabolism
rxn23817,Metabolism of other amino acids
rxn37807,Amino acid metabolism
rxn00671,
rxn35548,Carbohydrate metabolism
rxn02313,Carbohydrate metabolism
rxn35427,Carbohydrate metabolism
rxn30698,Carbohydrate metabolism
rxn35413,Metabolism of cofactors and vitamins
rxn02173,Carbohydrate metabolism
rxn16681,Amino acid metabolism
rxn16149,Nucleotide metabolism
rxn15338,Carbohydrate metabolism
rxn33550,
rxn33573,Nucleotide metabolism
rxn33383,Nucleotide metabolism
rxn14393,Biosynthesis of other secondary metabolites
rxn31847,Nucleotide metabolism
rxn00107,Nucleotide metabolism
rxn32308,Nucleotide metabolism
rxn33340,Nucleotide metabolism
rxn33024,
rxn32898,Nucleotide metabolism
rxn32981,Nucleotide metabolism
rxn02517,Nucleotide metabolism
rxn17743,Xenobiotics biodegradation and metabolism
rxn01146,Nucleotide metabolism
rxn01648,Nucleotide metabolism
rxn28116,Carbohydrate metabolism
rxn04841,Lipid metabolism
rxn04840,Lipid metabolism
rxn33349,
rxn20202,
rxn11997,Metabolism of other amino acids
rxn02791,Metabolism of other amino acids
rxn05952,Metabolism of other amino acids
rxn31443,Lipid metabolism
rxn06817,
rxn06025,Metabolism of other amino acids
rxn33431,Metabolism of other amino acids
rxn31675,
rxn01538,Metabolism of cofactors and vitamins
rxn02229,Amino acid metabolism
rxn27728,Amino acid metabolism
rxn33145,Carbohydrate metabolism
rxn07346,Metabolism of cofactors and vitamins
rxn01015,Carbohydrate metabolism
rxn38077,Carbohydrate metabolism
rxn07490,Carbohydrate metabolism
EXpd00186,
rxn09019,Metabolism of terpenoids and polyketides
rxn30531,
rxn05291,Lipid metabolism
rxn46208,
rxn27266,
rxn05672,
rxn03978,Energy metabolism
rxn10029,Energy metabolism
rxn09616,Xenobiotics biodegradation and metabolism
rxn14184,
rxn41021,
EXpd15499,
rxn34491,
rxn05241,
rxn34357,
rxn27866,Carbohydrate metabolism
rxn33706,Amino acid metabolism
rxn02523,Metabolism of cofactors and vitamins
rxn27774,
rxn06281,
rxn06168,
rxn11968,Amino acid metabolism
rxn01156,Amino acid metabolism
rxn03426,Amino acid metabolism
rxn07849,Energy metabolism
rxn02009,Glycan biosynthesis and metabolism
rxn28267,Metabolism of other amino acids
rxn27867,Metabolism of cofactors and vitamins
rxn07492,Carbohydrate metabolism
rxn15656,Carbohydrate metabolism
rxn01374,Amino acid metabolism
rxn30763,Xenobiotics biodegradation and metabolism
rxn03085,Energy metabolism
rxn01583,Lipid metabolism
rxn14322,Lipid metabolism
rxn04454,Metabolism of terpenoids and polyketides
rxn38706,Energy metabolism
rxn15257,Glycan biosynthesis and metabolism
rxn33205,Glycan biosynthesis and metabolism
rxn04928,Carbohydrate metabolism
rxn28082,Metabolism of cofactors and vitamins
rxn35453,Biosynthesis of other secondary metabolites
rxn38885,Carbohydrate metabolism
rxn32871,Carbohydrate metabolism
rxn01277,Carbohydrate metabolism
rxn30602,
rxn35212,
rxn32557,Amino acid metabolism
rxn33134,Amino acid metabolism
rxn33642,Amino acid metabolism
rxn10571,Metabolism of cofactors and vitamins
rxn36507,Lipid metabolism
EXpd00098,
rxn28184,Amino acid metabolism
rxn28181,Amino acid metabolism
rxn14121,
rxn01974,Amino acid metabolism
rxn00539,Lipid metabolism
rxn06744,
rxn28180,Amino acid metabolism
rxn05349,Lipid metabolism
rxn28183,Amino acid metabolism
rxn36081,
rxn08214,
rxn24055,Metabolism of terpenoids and polyketides
rxn29004,
rxn19935,Nucleotide metabolism
rxn08754,Metabolism of terpenoids and polyketides
rxn30666,Nucleotide metabolism
rxn09467,Metabolism of other amino acids
rxn00465,
rxn05458,Lipid metabolism
rxn08445,
rxn33907,Carbohydrate metabolism
rxn04787,Amino acid metabolism
rxn04705,Metabolism of cofactors and vitamins
rxn28310,Metabolism of cofactors and vitamins
rxn31867,Glycan biosynthesis and metabolism
rxn35438,Nucleotide metabolism
rxn15414,Lipid metabolism
rxn00229,Carbohydrate metabolism
rxn35492,
rxn16520,
rxn02118,Biosynthesis of other secondary metabolites
rxn02415,Biosynthesis of other secondary metabolites
rxn33766,Metabolism of cofactors and vitamins
rxn00921,Xenobiotics biodegradation and metabolism
rxn33207,Carbohydrate metabolism
rxn37995,Carbohydrate metabolism
rxn38314,Amino acid metabolism
rxn32044,
rxn07264,Lipid metabolism
rxn15169,Lipid metabolism
rxn07256,Lipid metabolism
rxn01066,Lipid metabolism
rxn06088,Lipid metabolism
rxn30503,Metabolism of terpenoids and polyketides
rxn30484,
rxn05554,
rxn00422,Amino acid metabolism
rxn12537,Metabolism of cofactors and vitamins
rxn18913,Carbohydrate metabolism
rxn17400,Metabolism of cofactors and vitamins
EXpd00072,
rxn31104,Metabolism of cofactors and vitamins
rxn03204,Amino acid metabolism
rxn03205,Amino acid metabolism
rxn02931,
rxn02930,
rxn15368,Amino acid metabolism
rxn32673,
rxn18925,Lipid metabolism
rxn02831,Metabolism of cofactors and vitamins
rxn28377,Metabolism of terpenoids and polyketides
rxn30596,Amino acid metabolism
rxn08659,Carbohydrate metabolism
rxn25492,Amino acid metabolism
rxn15219,Carbohydrate metabolism
rxn01763,Carbohydrate metabolism
rxn00346,Metabolism of other amino acids
rxn01784,Metabolism of other amino acids
rxn01231,Metabolism of other amino acids
rxn34786,Carbohydrate metabolism
rxn11894,Metabolism of cofactors and vitamins
rxn33016,Metabolism of cofactors and vitamins
rxn25494,Metabolism of cofactors and vitamins
rxn32490,Lipid metabolism
rxn31984,Lipid metabolism
rxn32327,Lipid metabolism
rxn03126,Energy metabolism
rxn25216,Carbohydrate metabolism
rxn14321,Biosynthesis of other secondary metabolites
rxn15245,Carbohydrate metabolism
rxn16794,Nucleotide metabolism
rxn16826,Nucleotide metabolism
rxn00780,Carbohydrate metabolism
rxn00744,Lipid metabolism
rxn17648,Metabolism of cofactors and vitamins
rxn32748,Nucleotide metabolism
rxn00367,Nucleotide metabolism
rxn00463,Nucleotide metabolism
rxn02176,Metabolism of cofactors and vitamins
rxn29978,Carbohydrate metabolism
rxn33891,
rxn16331,Metabolism of cofactors and vitamins
rxn19940,Metabolism of cofactors and vitamins
rxn31436,
rxn06723,Glycan biosynthesis and metabolism
rxn29994,Amino acid metabolism
rxn10447,Energy metabolism
rxn00595,Xenobiotics biodegradation and metabolism
rxn03983,Energy metabolism
rxn29919,Carbohydrate metabolism
rxn28987,
rxn14274,Lipid metabolism
rxn14311,Lipid metabolism
rxn15410,Metabolism of other amino acids
rxn38356,
rxn31354,Metabolism of terpenoids and polyketides
rxn00388,Energy metabolism
rxn03870,Xenobiotics biodegradation and metabolism
rxn15274,Metabolism of other amino acids
rxn10585,
rxn01347,
rxn32452,
rxn04464,Nucleotide metabolism
rxn01153,
rxn31826,
rxn02227,Amino acid metabolism
rxn01573,Amino acid metabolism
rxn07429,
rxn09228,Metabolism of other amino acids
rxn33618,Amino acid metabolism
rxn13182,Metabolism of cofactors and vitamins
rxn01422,Amino acid metabolism
rxn13171,Metabolism of cofactors and vitamins
rxn15079,
rxn01730,Lipid metabolism
rxn01927,Amino acid metabolism
rxn20606,
rxn01631,Amino acid metabolism
rxn02744,Amino acid metabolism
rxn47055,
rxn41811,
rxn00309,Biosynthesis of other secondary metabolites
rxn17202,Lipid metabolism
rxn01054,Carbohydrate metabolism
rxn20650,Carbohydrate metabolism
rxn22005,
rxn24034,Metabolism of other amino acids
rxn01057,Carbohydrate metabolism
rxn20046,
rxn16623,
rxn22826,
rxn22827,Amino acid metabolism
rxn37809,Amino acid metabolism
rxn03861,
rxn34632,Carbohydrate metabolism
rxn28890,Amino acid metabolism
rxn28382,Biosynthesis of other secondary metabolites
rxn27520,Metabolism of terpenoids and polyketides
rxn02235,Lipid metabolism
rxn01710,Carbohydrate metabolism
rxn00245,Carbohydrate metabolism
rxn38970,Lipid metabolism
rxn03663,Xenobiotics biodegradation and metabolism
rxn04096,Xenobiotics biodegradation and metabolism
rxn14173,
rxn01605,Carbohydrate metabolism
rxn35318,
rxn32727,
rxn03304,Lipid metabolism
rxn03301,Lipid metabolism
rxn03313,Lipid metabolism
rxn03316,Lipid metabolism
rxn33359,
rxn00965,Metabolism of cofactors and vitamins
rxn11731,Amino acid metabolism
rxn13752,
rxn48508,
rxn15108,Carbohydrate metabolism
rxn10604,Metabolism of cofactors and vitamins
rxn02767,Amino acid metabolism
rxn01039,Amino acid metabolism
rxn09147,Metabolism of cofactors and vitamins
rxn13746,
rxn00590,Xenobiotics biodegradation and metabolism
EXpd01414,
rxn00489,Amino acid metabolism
EXpd17026,
EXpd00081,
rxn03991,
rxn16825,Carbohydrate metabolism
rxn01996,Amino acid metabolism
rxn15267,Glycan biosynthesis and metabolism
rxn33328,Carbohydrate metabolism
rxn38824,Glycan biosynthesis and metabolism
rxn02986,Metabolism of cofactors and vitamins
rxn16806,Metabolism of cofactors and vitamins
rxn32796,Amino acid metabolism
rxn35488,
rxn02450,Lipid metabolism
rxn15365,Lipid metabolism
rxn06375,Lipid metabolism
rxn15666,Nucleotide metabolism
rxn16543,Glycan biosynthesis and metabolism
rxn00178,Lipid metabolism
EXpd00528,
rxn02276,Amino acid metabolism
rxn00990,Carbohydrate metabolism
rxn10577,
rxn00993,Amino acid metabolism
rxn01825,Amino acid metabolism
rxn05169,Nucleotide metabolism
rxn43863,
rxn32155,
rxn27956,
rxn35352,Metabolism of cofactors and vitamins
rxn07689,Lipid metabolism
rxn19982,Lipid metabolism
rxn19979,Biosynthesis of other secondary metabolites
rxn07681,Lipid metabolism
rxn07884,
rxn03866,Xenobiotics biodegradation and metabolism
rxn19989,Lipid metabolism
rxn19986,Amino acid metabolism
rxn33120,Carbohydrate metabolism
rxn07685,Lipid metabolism
rxn07880,
rxn19988,
rxn33363,Xenobiotics biodegradation and metabolism
rxn03057,Amino acid metabolism
rxn02266,Amino acid metabolism
rxn01633,Carbohydrate metabolism
rxn33736,
rxn35545,Amino acid metabolism
rxn34739,Lipid metabolism
rxn34735,Lipid metabolism
rxn06037,Lipid metabolism
rxn34736,Lipid metabolism
rxn34737,Lipid metabolism
rxn34734,Lipid metabolism
rxn34738,Lipid metabolism
rxn07883,
rxn27455,Xenobiotics biodegradation and metabolism
rxn16334,
rxn24142,Metabolism of cofactors and vitamins
rxn05054,Metabolism of cofactors and vitamins
rxn12059,
rxn11995,
rxn14053,Metabolism of terpenoids and polyketides
rxn02360,Amino acid metabolism
rxn02894,Amino acid metabolism
rxn00290,
rxn01279,Carbohydrate metabolism
rxn31452,Amino acid metabolism
rxn04961,Energy metabolism
rxn38372,
rxn04418,
rxn07623,Xenobiotics biodegradation and metabolism
rxn00875,Carbohydrate metabolism
rxn00994,Amino acid metabolism
rxn14077,Amino acid metabolism
rxn35371,
rxn02363,Amino acid metabolism
rxn01945,Amino acid metabolism
rxn33507,
rxn00378,Energy metabolism
rxn01930,Amino acid metabolism
rxn00321,Amino acid metabolism
rxn07879,
rxn27937,
rxn34244,Carbohydrate metabolism
rxn03541,Metabolism of cofactors and vitamins
rxn33043,Amino acid metabolism
rxn02085,Amino acid metabolism
rxn05071,Metabolism of terpenoids and polyketides
rxn05070,Metabolism of terpenoids and polyketides
rxn33563,Carbohydrate metabolism
rxn32901,Amino acid metabolism
rxn33820,Amino acid metabolism
rxn03424,Amino acid metabolism
rxn31312,Glycan biosynthesis and metabolism
rxn01444,Nucleotide metabolism
rxn33884,Metabolism of cofactors and vitamins
rxn15633,Carbohydrate metabolism
rxn03924,Metabolism of other amino acids
rxn32462,Energy metabolism
rxn30743,
rxn30384,Carbohydrate metabolism
rxn11778,Xenobiotics biodegradation and metabolism
rxn07826,Xenobiotics biodegradation and metabolism
rxn11776,Xenobiotics biodegradation and metabolism
rxn16823,Metabolism of cofactors and vitamins
rxn16495,
rxn16496,Metabolism of terpenoids and polyketides
rxn32292,
rxn16497,Metabolism of terpenoids and polyketides
rxn05105,Amino acid metabolism
rxn01122,Carbohydrate metabolism
rxn02774,Metabolism of cofactors and vitamins
rxn19322,Metabolism of cofactors and vitamins
rxn28081,
rxn19827,Amino acid metabolism
rxn30752,Carbohydrate metabolism
rxn01045,Amino acid metabolism
rxn00804,Amino acid metabolism
rxn31924,Metabolism of cofactors and vitamins
rxn11755,Xenobiotics biodegradation and metabolism
rxn02190,Nucleotide metabolism
rxn35537,
rxn35538,
rxn35539,
rxn00719,Nucleotide metabolism
rxn01027,Nucleotide metabolism
rxn01593,Biosynthesis of other secondary metabolites
rxn04288,Metabolism of terpenoids and polyketides
rxn32966,
rxn04036,Energy metabolism
rxn06145,Lipid metabolism
rxn31779,Nucleotide metabolism
rxn32917,Nucleotide metabolism
rxn32132,Amino acid metabolism
rxn03921,Xenobiotics biodegradation and metabolism
rxn00298,Glycan biosynthesis and metabolism
rxn17089,Amino acid metabolism
rxn24149,Metabolism of cofactors and vitamins
rxn06600,Amino acid metabolism
rxn31235,Carbohydrate metabolism
rxn32987,Amino acid metabolism
rxn38159,Carbohydrate metabolism
rxn16343,Energy metabolism
rxn33315,
rxn35211,Amino acid metabolism
rxn14058,Amino acid metabolism
rxn14091,Amino acid metabolism
rxn00400,Amino acid metabolism
rxn12749,Metabolism of cofactors and vitamins
rxn03534,Metabolism of cofactors and vitamins
rxn32572,Amino acid metabolism
rxn15724,
rxn15864,Biosynthesis of other secondary metabolites
rxn15237,Carbohydrate metabolism
rxn31528,Metabolism of terpenoids and polyketides
rxn02900,Metabolism of other amino acids
rxn15529,
rxn04999,Amino acid metabolism
rxn05047,Amino acid metabolism
rxn16642,Amino acid metabolism
rxn00748,Carbohydrate metabolism
rxn31217,Carbohydrate metabolism
rxn31243,Carbohydrate metabolism
rxn04413,Metabolism of cofactors and vitamins
rxn03537,Metabolism of cofactors and vitamins
rxn03536,Metabolism of cofactors and vitamins
rxn03617,Xenobiotics biodegradation and metabolism
rxn30364,Carbohydrate metabolism
rxn15988,Amino acid metabolism
rxn32740,Carbohydrate metabolism
rxn31773,Amino acid metabolism
rxn12039,Xenobiotics biodegradation and metabolism
rxn21212,Amino acid metabolism
rxn31997,Nucleotide metabolism
rxn21114,Amino acid metabolism
rxn03358,Amino acid metabolism
rxn21214,Amino acid metabolism
rxn11875,Xenobiotics biodegradation and metabolism
rxn27000,Amino acid metabolism
rxn19157,
rxn03195,Amino acid metabolism
rxn12038,Xenobiotics biodegradation and metabolism
rxn03359,Amino acid metabolism
rxn01715,Amino acid metabolism
rxn21216,
rxn03342,Amino acid metabolism
rxn33386,Carbohydrate metabolism
rxn21211,Amino acid metabolism
rxn04934,Amino acid metabolism
rxn34245,Carbohydrate metabolism
rxn06425,
rxn25989,Metabolism of cofactors and vitamins
rxn01786,Metabolism of terpenoids and polyketides
rxn02772,Metabolism of terpenoids and polyketides
rxn19263,Lipid metabolism
rxn01788,Metabolism of terpenoids and polyketides
rxn03089,Xenobiotics biodegradation and metabolism
rxn32447,Energy metabolism
rxn34248,Metabolism of other amino acids
rxn28390,
rxn04752,Xenobiotics biodegradation and metabolism
rxn11998,Lipid metabolism
rxn06044,Amino acid metabolism
rxn01220,Nucleotide metabolism
rxn38020,Nucleotide metabolism
rxn04385,Metabolism of cofactors and vitamins
rxn16785,
rxn02033,Biosynthesis of other secondary metabolites
rxn25582,
rxn00487,Amino acid metabolism
rxn16671,Amino acid metabolism
rxn07295,Metabolism of cofactors and vitamins
rxn01597,Xenobiotics biodegradation and metabolism
rxn28327,
rxn02103,Nucleotide metabolism
rxn02102,Nucleotide metabolism
rxn30578,Nucleotide metabolism
rxn01639,Amino acid metabolism
rxn00867,Amino acid metabolism
rxn01999,Metabolism of terpenoids and polyketides
rxn01751,Carbohydrate metabolism
rxn01160,Energy metabolism
rxn01236,Carbohydrate metabolism
rxn19327,
rxn00935,Carbohydrate metabolism
rxn20161,
rxn02440,Carbohydrate metabolism
rxn02438,Carbohydrate metabolism
rxn33452,
rxn38106,Amino acid metabolism
rxn02366,Amino acid metabolism
rxn02375,Nucleotide metabolism
rxn24414,
rxn16713,
rxn38677,Lipid metabolism
rxn37933,Carbohydrate metabolism
rxn32418,Metabolism of cofactors and vitamins
rxn02377,Glycan biosynthesis and metabolism
rxn04323,Metabolism of terpenoids and polyketides
rxn04324,Metabolism of terpenoids and polyketides
rxn04325,Metabolism of terpenoids and polyketides
rxn15754,Metabolism of cofactors and vitamins
rxn05104,Amino acid metabolism
rxn31241,Metabolism of cofactors and vitamins
rxn13947,Glycan biosynthesis and metabolism
rxn16611,Glycan biosynthesis and metabolism
rxn16617,Amino acid metabolism
rxn05645,
rxn05663,
rxn08324,
rxn05308,Lipid metabolism
rxn32840,Metabolism of cofactors and vitamins
rxn11334,
EXpd00277,
rxn03990,
rxn05618,
rxn05255,
rxn36479,Lipid metabolism
rxn38863,Amino acid metabolism
rxn32076,Glycan biosynthesis and metabolism
rxn15360,Carbohydrate metabolism
rxn16257,Xenobiotics biodegradation and metabolism
rxn33373,Lipid metabolism
rxn02132,
rxn02985,Metabolism of cofactors and vitamins
rxn15218,Lipid metabolism
rxn15325,Carbohydrate metabolism
rxn00592,Xenobiotics biodegradation and metabolism
rxn09944,Xenobiotics biodegradation and metabolism
rxn15306,Nucleotide metabolism
rxn36715,Lipid metabolism
rxn16803,Xenobiotics biodegradation and metabolism
rxn02447,Lipid metabolism
rxn16804,Xenobiotics biodegradation and metabolism
rxn36714,Lipid metabolism
rxn31878,Lipid metabolism
rxn02446,Lipid metabolism
rxn33213,
rxn07580,Metabolism of cofactors and vitamins
rxn23000,Carbohydrate metabolism
rxn45899,
rxn01802,Lipid metabolism
rxn39267,
rxn14246,
rxn19543,Amino acid metabolism
rxn01418,Amino acid metabolism
rxn08161,
rxn02775,Metabolism of cofactors and vitamins
rxn14270,Metabolism of cofactors and vitamins
rxn02883,Amino acid metabolism
rxn04706,Amino acid metabolism
rxn30780,Lipid metabolism
rxn03868,Xenobiotics biodegradation and metabolism
rxn06979,Metabolism of cofactors and vitamins
rxn06887,Metabolism of cofactors and vitamins
rxn00228,Metabolism of other amino acids
rxn32347,Amino acid metabolism
rxn03492,Metabolism of cofactors and vitamins
rxn04050,Metabolism of cofactors and vitamins
rxn10504,Metabolism of cofactors and vitamins
rxn10505,Metabolism of cofactors and vitamins
rxn03864,Xenobiotics biodegradation and metabolism
rxn30256,Metabolism of cofactors and vitamins
rxn12369,Metabolism of cofactors and vitamins
rxn08616,
rxn08747,Metabolism of terpenoids and polyketides
rxn33683,Amino acid metabolism
rxn01157,
rxn38174,Biosynthesis of other secondary metabolites
rxn15098,Carbohydrate metabolism
rxn20026,
rxn21639,Glycan biosynthesis and metabolism
rxn36686,Lipid metabolism
rxn35670,
rxn01346,
rxn09122,Nucleotide metabolism
rxn00940,Metabolism of cofactors and vitamins
rxn10977,Amino acid metabolism
rxn01678,Nucleotide metabolism
EXpd00182,
rxn11000,
rxn14316,Amino acid metabolism
rxn06041,Lipid metabolism
rxn10211,Energy metabolism
rxn08431,
rxn16237,Energy metabolism
rxn16236,Energy metabolism
rxn00197,
rxn29248,Metabolism of other amino acids
rxn09373,Nucleotide metabolism
rxn27852,Energy metabolism
rxn32821,Carbohydrate metabolism
rxn09468,Metabolism of other amino acids
rxn09448,Lipid metabolism
rxn00541,Amino acid metabolism
rxn10667,Amino acid metabolism
rxn08612,Nucleotide metabolism
rxn08170,Metabolism of cofactors and vitamins
rxn10643,Amino acid metabolism
rxn06578,Carbohydrate metabolism
rxn15277,Carbohydrate metabolism
rxn35652,
rxn39004,Biosynthesis of other secondary metabolites
rxn00491,Amino acid metabolism
rxn29112,Nucleotide metabolism
rxn05730,
rxn30432,Lipid metabolism
rxn15748,Amino acid metabolism
rxn02283,Metabolism of cofactors and vitamins
rxn01654,Metabolism of cofactors and vitamins
rxn01641,Amino acid metabolism
biomass_GmNeg,
rxn43082,
rxn08688,Metabolism of cofactors and vitamins
rxn00931,Amino acid metabolism
rxn08069,
rxn15105,Glycan biosynthesis and metabolism
rxn01419,Amino acid metabolism
rxn09188,Amino acid metabolism
rxn12545,Metabolism of cofactors and vitamins
rxn00504,Amino acid metabolism
rxn46500,
rxn23808,Metabolism of other amino acids
rxn44864,
rxn00334,Carbohydrate metabolism
rxn01673,Nucleotide metabolism
EXpd01363,
rxn00383,Energy metabolism
rxn30154,
rxn05242,
rxn16566,
rxn19030,Glycan biosynthesis and metabolism
rxn13698,
rxn13741,
rxn38810,
rxn30335,Amino acid metabolism
rxn02296,Metabolism of cofactors and vitamins
rxn35316,Energy metabolism
rxn05890,Energy metabolism
rxn27286,Glycan biosynthesis and metabolism
rxn04274,Metabolism of terpenoids and polyketides
rxn04275,Metabolism of terpenoids and polyketides
rxn07882,
rxn07319,Lipid metabolism
rxn11682,Lipid metabolism
rxn02618,Lipid metabolism
rxn26890,Xenobiotics biodegradation and metabolism
rxn33208,Lipid metabolism
rxn03007,Lipid metabolism
rxn11681,Lipid metabolism
rxn15991,
rxn16660,Xenobiotics biodegradation and metabolism
rxn33380,
rxn00072,Metabolism of cofactors and vitamins
rxn03976,
rxn06087,Lipid metabolism
rxn31520,Lipid metabolism
rxn31363,Amino acid metabolism
rxn00928,Amino acid metabolism
rxn01578,Amino acid metabolism
rxn00930,Amino acid metabolism
rxn01579,Amino acid metabolism
rxn14126,Metabolism of terpenoids and polyketides
rxn02253,Carbohydrate metabolism
rxn37888,Carbohydrate metabolism
rxn13979,Metabolism of other amino acids
rxn38718,Metabolism of cofactors and vitamins
rxn38812,Biosynthesis of other secondary metabolites
rxn14039,Metabolism of cofactors and vitamins
rxn27779,Carbohydrate metabolism
rxn16582,
rxn17099,Xenobiotics biodegradation and metabolism
rxn35505,Carbohydrate metabolism
rxn03603,Xenobiotics biodegradation and metabolism
rxn07898,Xenobiotics biodegradation and metabolism
rxn03897,Xenobiotics biodegradation and metabolism
rxn07889,Xenobiotics biodegradation and metabolism
rxn03898,Xenobiotics biodegradation and metabolism
rxn07896,Xenobiotics biodegradation and metabolism
rxn03728,Xenobiotics biodegradation and metabolism
rxn03602,Xenobiotics biodegradation and metabolism
rxn07890,Xenobiotics biodegradation and metabolism
rxn07897,Xenobiotics biodegradation and metabolism
rxn03936,Xenobiotics biodegradation and metabolism
rxn16792,Carbohydrate metabolism
rxn32739,Carbohydrate metabolism
rxn24356,Glycan biosynthesis and metabolism
rxn31424,Carbohydrate metabolism
rxn24354,Amino acid metabolism
rxn24355,
rxn03586,Xenobiotics biodegradation and metabolism
rxn02926,Amino acid metabolism
rxn02532,
rxn01192,Xenobiotics biodegradation and metabolism
rxn02297,Metabolism of cofactors and vitamins
rxn16341,Energy metabolism
rxn09193,Metabolism of other amino acids
rxn34088,Carbohydrate metabolism
rxn02938,Nucleotide metabolism
rxn05744,
EXpd00032,
rxn30509,
EXpd00137,
rxn32842,
rxn06299,Energy metabolism
rxn04442,Metabolism of terpenoids and polyketides
rxn01394,Carbohydrate metabolism
rxn38114,Carbohydrate metabolism
rxn01107,Carbohydrate metabolism
rxn32924,
rxn33750,Metabolism of cofactors and vitamins
rxn27936,Amino acid metabolism
rxn16431,
rxn06671,Lipid metabolism
rxn14108,Carbohydrate metabolism
rxn38512,Metabolism of other amino acids
rxn13962,Amino acid metabolism
rxn14109,Amino acid metabolism
rxn30141,Carbohydrate metabolism
rxn16776,Nucleotide metabolism
rxn36077,
rxn08297,
rxn02322,Metabolism of terpenoids and polyketides
rxn09420,Lipid metabolism
rxn30391,
rxn36503,Lipid metabolism
rxn10030,Energy metabolism
rxn09443,Lipid metabolism
rxn09187,Nucleotide metabolism
rxn43048,
rxn05066,
rxn19141,
rxn16845,Energy metabolism
rxn00677,Carbohydrate metabolism
rxn01056,Carbohydrate metabolism
rxn03798,Xenobiotics biodegradation and metabolism
rxn38972,
rxn15255,Glycan biosynthesis and metabolism
rxn03064,Glycan biosynthesis and metabolism
rxn00102,Energy metabolism
rxn01332,Amino acid metabolism
rxn09297,Nucleotide metabolism
rxn09836,Xenobiotics biodegradation and metabolism
rxn30194,Amino acid metabolism
rxn13812,
rxn11078,Metabolism of cofactors and vitamins
rxn02212,Amino acid metabolism
rxn20819,
rxn00313,Amino acid metabolism
rxn05313,Lipid metabolism
rxn08160,Metabolism of cofactors and vitamins
EXpd00130,
rxn01750,Glycan biosynthesis and metabolism
rxn02123,Carbohydrate metabolism
rxn00473,Amino acid metabolism
rxn16663,
rxn01991,Amino acid metabolism
rxn03440,Carbohydrate metabolism
rxn02052,Metabolism of terpenoids and polyketides
rxn19825,Amino acid metabolism
rxn04476,Metabolism of terpenoids and polyketides
rxn03799,Xenobiotics biodegradation and metabolism
rxn15439,Carbohydrate metabolism
rxn06848,Glycan biosynthesis and metabolism
rxn00702,Carbohydrate metabolism
rxn20057,
rxn02171,Carbohydrate metabolism
rxn01664,Biosynthesis of other secondary metabolites
rxn31075,
rxn31098,Nucleotide metabolism
rxn27997,
rxn39376,Amino acid metabolism
rxn05560,
EXpd00311,
rxn01577,
rxn28198,
rxn08672,Metabolism of cofactors and vitamins
rxn10155,Energy metabolism
rxn06729,Glycan biosynthesis and metabolism
rxn31866,
rxn11794,Xenobiotics biodegradation and metabolism
rxn14050,
rxn06112,Biosynthesis of other secondary metabolites
rxn33524,Amino acid metabolism
rxn11750,Xenobiotics biodegradation and metabolism
rxn11758,Xenobiotics biodegradation and metabolism
rxn35440,Xenobiotics biodegradation and metabolism
rxn01640,Amino acid metabolism
rxn15226,Carbohydrate metabolism
rxn33492,Carbohydrate metabolism
rxn04914,Lipid metabolism
rxn04912,Lipid metabolism
rxn04913,Lipid metabolism
rxn04074,Xenobiotics biodegradation and metabolism
rxn04911,Lipid metabolism
rxn02369,Xenobiotics biodegradation and metabolism
rxn04339,Metabolism of terpenoids and polyketides
rxn04338,Metabolism of terpenoids and polyketides
rxn04340,Metabolism of terpenoids and polyketides
rxn04337,Metabolism of terpenoids and polyketides
rxn03532,Metabolism of cofactors and vitamins
rxn35436,Nucleotide metabolism
rxn16695,Metabolism of terpenoids and polyketides
rxn10204,Energy metabolism
rxn09472,Metabolism of other amino acids
rxn09460,Metabolism of other amino acids
rxn10212,Energy metabolism
rxn10213,Energy metabolism
rxn09459,Metabolism of other amino acids
rxn09470,Metabolism of other amino acids
rxn05221,Nucleotide metabolism
rxn10203,Energy metabolism
rxn09458,Metabolism of other amino acids
rxn14178,Carbohydrate metabolism
rxn05887,
rxn03954,
rxn19855,Amino acid metabolism
rxn01461,Amino acid metabolism
rxn16800,Carbohydrate metabolism
EXpd00247,
rxn32052,Carbohydrate metabolism
rxn11258,Nucleotide metabolism
rxn09049,Metabolism of cofactors and vitamins
rxn16666,Glycan biosynthesis and metabolism
rxn16675,Glycan biosynthesis and metabolism
rxn01610,Amino acid metabolism
rxn31758,Metabolism of other amino acids
rxn00669,Carbohydrate metabolism
rxn16758,Xenobiotics biodegradation and metabolism
rxn37871,
rxn04480,Metabolism of terpenoids and polyketides
rxn16682,Glycan biosynthesis and metabolism
rxn07465,Amino acid metabolism
rxn16544,
rxn02279,Carbohydrate metabolism
rxn00449,Carbohydrate metabolism
rxn16399,
rxn15963,
rxn00195,Carbohydrate metabolism
rxn02625,Carbohydrate metabolism
rxn06562,Lipid metabolism
rxn15170,Lipid metabolism
rxn06089,Lipid metabolism
rxn14382,Biosynthesis of other secondary metabolites
rxn36688,Lipid metabolism
rxn44063,
rxn09442,Lipid metabolism
rxn36076,
rxn00234,Carbohydrate metabolism
rxn19202,Amino acid metabolism
rxn09439,Lipid metabolism
rxn08861,
rxn02622,Carbohydrate metabolism
rxn23401,Biosynthesis of other secondary metabolites
rxn11209,
rxn09422,Lipid metabolism
rxn01500,Metabolism of terpenoids and polyketides
rxn19993,Metabolism of other amino acids
rxn08549,
rxn00617,
rxn39268,
rxn22820,
rxn25059,
rxn40789,
rxn00521,Amino acid metabolism
rxn13994,
rxn11934,Energy metabolism
rxn00510,Amino acid metabolism
rxn14097,Amino acid metabolism
rxn34760,Carbohydrate metabolism
rxn08537,
EXpd00986,
rxn00765,Lipid metabolism
rxn00036,Amino acid metabolism
rxn00024,Amino acid metabolism
rxn11207,
rxn08610,Carbohydrate metabolism
rxn12363,Metabolism of cofactors and vitamins
rxn00282,Amino acid metabolism
rxn00202,Amino acid metabolism
rxn00423,Amino acid metabolism
rxn00750,Lipid metabolism
rxn37266,Metabolism of cofactors and vitamins
EXpd00222,
rxn08608,Carbohydrate metabolism
rxn13927,Biosynthesis of other secondary metabolites
EXpd15560,
rxn11714,Lipid metabolism
rxn11717,Lipid metabolism
rxn25713,Lipid metabolism
rxn33702,Lipid metabolism
rxn11713,Lipid metabolism
rxn25709,
rxn11715,Lipid metabolism
rxn37686,Lipid metabolism
rxn11716,Lipid metabolism
rxn33728,Lipid metabolism
rxn00909,Metabolism of cofactors and vitamins
rxn11210,
rxn46323,
rxn01423,Amino acid metabolism
rxn09433,Lipid metabolism
rxn00833,Nucleotide metabolism
rxn10186,
rxn01805,Carbohydrate metabolism
rxn02170,Amino acid metabolism
rxn00286,Energy metabolism
rxn10476,Biosynthesis of other secondary metabolites
rxn35655,
rxn16721,Xenobiotics biodegradation and metabolism
rxn11959,Xenobiotics biodegradation and metabolism
rxn02541,Xenobiotics biodegradation and metabolism
rxn16138,Xenobiotics biodegradation and metabolism
rxn04601,Amino acid metabolism
rxn04602,Amino acid metabolism
rxn03286,Lipid metabolism
rxn15496,Lipid metabolism
rxn15495,Lipid metabolism
rxn31478,Glycan biosynthesis and metabolism
rxn31477,Glycan biosynthesis and metabolism
rxn04134,Metabolism of terpenoids and polyketides
rxn01598,Xenobiotics biodegradation and metabolism
rxn04472,Xenobiotics biodegradation and metabolism
rxn01981,Metabolism of other amino acids
rxn06472,Metabolism of other amino acids
rxn07628,Xenobiotics biodegradation and metabolism
rxn07627,Xenobiotics biodegradation and metabolism
rxn15679,Lipid metabolism
rxn33738,Lipid metabolism
rxn07317,Lipid metabolism
rxn35629,
rxn16089,Xenobiotics biodegradation and metabolism
rxn07603,Biosynthesis of other secondary metabolites
rxn16178,Metabolism of terpenoids and polyketides
rxn32015,Energy metabolism
rxn00317,
rxn01064,Xenobiotics biodegradation and metabolism
rxn15662,Carbohydrate metabolism
rxn15743,Carbohydrate metabolism
rxn15129,Carbohydrate metabolism
rxn16233,Energy metabolism
rxn14196,Metabolism of terpenoids and polyketides
rxn15619,Metabolism of terpenoids and polyketides
rxn15621,Metabolism of terpenoids and polyketides
rxn16701,Xenobiotics biodegradation and metabolism
rxn07523,Xenobiotics biodegradation and metabolism
rxn07524,Xenobiotics biodegradation and metabolism
rxn07345,Metabolism of cofactors and vitamins
rxn07218,
rxn07877,
rxn07644,Xenobiotics biodegradation and metabolism
rxn31933,Xenobiotics biodegradation and metabolism
rxn06258,
rxn07594,Xenobiotics biodegradation and metabolism
rxn03875,Xenobiotics biodegradation and metabolism
rxn02823,Amino acid metabolism
rxn16051,Metabolism of terpenoids and polyketides
rxn15642,Xenobiotics biodegradation and metabolism
rxn15617,Metabolism of terpenoids and polyketides
rxn05946,
rxn32399,Amino acid metabolism
rxn04312,Metabolism of terpenoids and polyketides
rxn03622,Xenobiotics biodegradation and metabolism
rxn03893,Metabolism of cofactors and vitamins
rxn11643,Metabolism of cofactors and vitamins
rxn19004,Biosynthesis of other secondary metabolites
rxn16224,Metabolism of terpenoids and polyketides
rxn04034,Metabolism of terpenoids and polyketides
rxn15629,Metabolism of terpenoids and polyketides
rxn15627,Metabolism of terpenoids and polyketides
rxn15623,Metabolism of terpenoids and polyketides
rxn15625,Metabolism of terpenoids and polyketides
rxn07840,Amino acid metabolism
rxn02083,Amino acid metabolism
rxn01565,Amino acid metabolism
rxn16211,Metabolism of other amino acids
rxn15821,Metabolism of terpenoids and polyketides
rxn15823,Metabolism of terpenoids and polyketides
rxn15822,Metabolism of terpenoids and polyketides
rxn14215,Metabolism of terpenoids and polyketides
rxn15824,Metabolism of terpenoids and polyketides
rxn00177,Carbohydrate metabolism
rxn16443,
rxn16655,Metabolism of terpenoids and polyketides
rxn17248,Metabolism of cofactors and vitamins
rxn22384,Amino acid metabolism
rxn00258,Carbohydrate metabolism
rxn15616,Metabolism of terpenoids and polyketides
rxn03038,Amino acid metabolism
rxn07372,Metabolism of terpenoids and polyketides
rxn07391,
rxn07647,Metabolism of terpenoids and polyketides
rxn07648,Metabolism of terpenoids and polyketides
rxn05110,Biosynthesis of other secondary metabolites
rxn02091,
rxn02071,Amino acid metabolism
rxn38888,Amino acid metabolism
rxn02946,Amino acid metabolism
rxn01778,
rxn32749,Metabolism of terpenoids and polyketides
rxn15480,
rxn03129,
rxn03152,Xenobiotics biodegradation and metabolism
rxn16355,Energy metabolism
rxn04874,Xenobiotics biodegradation and metabolism
rxn15644,Xenobiotics biodegradation and metabolism
rxn16247,Xenobiotics biodegradation and metabolism
rxn16254,Xenobiotics biodegradation and metabolism
rxn32737,Xenobiotics biodegradation and metabolism
rxn15651,Xenobiotics biodegradation and metabolism
rxn04834,Xenobiotics biodegradation and metabolism
rxn16280,Xenobiotics biodegradation and metabolism
rxn04875,Xenobiotics biodegradation and metabolism
rxn16329,Metabolism of terpenoids and polyketides
rxn07462,Metabolism of terpenoids and polyketides
rxn07463,Metabolism of terpenoids and polyketides
rxn14255,
rxn16234,Energy metabolism
rxn11858,Energy metabolism
rxn10434,
rxn11859,Energy metabolism
rxn33526,
rxn14083,
rxn14013,
rxn01635,Amino acid metabolism
rxn07152,Biosynthesis of other secondary metabolites
rxn03942,
rxn03630,Metabolism of other amino acids
rxn00966,Metabolism of cofactors and vitamins
rxn03896,Xenobiotics biodegradation and metabolism
rxn00015,Biosynthesis of other secondary metabolites
rxn03254,Lipid metabolism
rxn05894,Energy metabolism
rxn05085,
rxn01884,Xenobiotics biodegradation and metabolism
rxn33066,Carbohydrate metabolism
rxn03317,Lipid metabolism
rxn01337,Lipid metabolism
rxn01809,Lipid metabolism
rxn03198,Lipid metabolism
rxn01586,Lipid metabolism
rxn16802,Xenobiotics biodegradation and metabolism
rxn02038,Lipid metabolism
rxn02905,Lipid metabolism
rxn02385,Lipid metabolism
rxn00803,Carbohydrate metabolism
rxn00044,
rxn07608,Xenobiotics biodegradation and metabolism
rxn07876,
rxn07885,
rxn02676,Carbohydrate metabolism
rxn04754,Xenobiotics biodegradation and metabolism
rxn32002,Xenobiotics biodegradation and metabolism
rxn33099,Xenobiotics biodegradation and metabolism
rxn16055,Metabolism of terpenoids and polyketides
rxn02851,Metabolism of terpenoids and polyketides
rxn16119,Metabolism of terpenoids and polyketides
rxn32630,Amino acid metabolism
rxn03260,Lipid metabolism
rxn21213,Carbohydrate metabolism
rxn03339,Amino acid metabolism
rxn27001,
rxn03334,Amino acid metabolism
rxn02367,Amino acid metabolism
rxn03258,Lipid metabolism
rxn21210,Amino acid metabolism
rxn38811,Lipid metabolism
rxn32093,Lipid metabolism
rxn33327,Lipid metabolism
rxn32850,Lipid metabolism
rxn32210,Carbohydrate metabolism
rxn33082,Lipid metabolism
rxn30972,Xenobiotics biodegradation and metabolism
rxn03814,Metabolism of terpenoids and polyketides
rxn02345,Lipid metabolism
rxn07725,Lipid metabolism
rxn07741,Lipid metabolism
rxn16106,Metabolism of terpenoids and polyketides
rxn03236,
rxn02425,
rxn37127,Metabolism of terpenoids and polyketides
rxn16143,Energy metabolism
rxn16697,Metabolism of terpenoids and polyketides
rxn01403,Metabolism of other amino acids
rxn01404,Metabolism of other amino acids
rxn04599,Amino acid metabolism
rxn03763,Biosynthesis of other secondary metabolites
rxn03766,Biosynthesis of other secondary metabolites
rxn03765,Biosynthesis of other secondary metabolites
rxn01919,Amino acid metabolism
rxn16760,Metabolism of terpenoids and polyketides
rxn16761,Metabolism of terpenoids and polyketides
rxn16762,Metabolism of terpenoids and polyketides
rxn02593,Xenobiotics biodegradation and metabolism
rxn34672,Metabolism of other amino acids
rxn16142,Energy metabolism
rxn16175,Metabolism of terpenoids and polyketides
rxn16176,Metabolism of terpenoids and polyketides
rxn03809,Metabolism of terpenoids and polyketides
rxn03821,Metabolism of terpenoids and polyketides
rxn00594,Xenobiotics biodegradation and metabolism
rxn03613,Biosynthesis of other secondary metabolites
rxn16412,
rxn32599,Xenobiotics biodegradation and metabolism
rxn02246,Amino acid metabolism
rxn16194,Metabolism of terpenoids and polyketides
rxn04584,Biosynthesis of other secondary metabolites
rxn04590,Biosynthesis of other secondary metabolites
rxn04587,Biosynthesis of other secondary metabolites
rxn03867,Xenobiotics biodegradation and metabolism
rxn02761,Nucleotide metabolism
rxn01453,Carbohydrate metabolism
rxn06038,Lipid metabolism
rxn01203,Amino acid metabolism
rxn01202,
rxn09777,Xenobiotics biodegradation and metabolism
rxn36080,
rxn01699,Metabolism of cofactors and vitamins
rxn28238,Energy metabolism
EXpd00260,
rxn08267,
rxn36506,Lipid metabolism
rxn02226,Amino acid metabolism
rxn09427,Lipid metabolism
rxn08213,
EXpd00307,
rxn05159,Nucleotide metabolism
rxn12113,
rxn03091,
rxn12114,
rxn15848,Biosynthesis of other secondary metabolites
rxn00558,
rxn32794,Amino acid metabolism
rxn19840,Metabolism of other amino acids
rxn13697,
rxn00213,Carbohydrate metabolism
rxn13699,
rxn20638,Amino acid metabolism
rxn16238,Energy metabolism
rxn16677,Amino acid metabolism
rxn16661,Amino acid metabolism
rxn12615,Metabolism of cofactors and vitamins
rxn09471,Metabolism of other amino acids
EXpd00180,
rxn45616,
rxn34771,
rxn03055,Amino acid metabolism
rxn27892,
rxn02545,Xenobiotics biodegradation and metabolism
rxn00586,Xenobiotics biodegradation and metabolism
rxn38076,
rxn02292,Metabolism of cofactors and vitamins
rxn00399,Amino acid metabolism
rxn30534,
rxn01792,Metabolism of cofactors and vitamins
rxn29048,Carbohydrate metabolism
rxn10857,
rxn00472,
rxn00396,Amino acid metabolism
rxn09733,Xenobiotics biodegradation and metabolism
rxn10187,
rxn33838,
rxn01575,Amino acid metabolism
rxn09429,Lipid metabolism
rxn32365,Carbohydrate metabolism
rxn16665,
rxn32633,Nucleotide metabolism
rxn19878,Nucleotide metabolism
rxn03587,Xenobiotics biodegradation and metabolism
rxn09037,Metabolism of terpenoids and polyketides
rxn02540,Xenobiotics biodegradation and metabolism
rxn02577,Xenobiotics biodegradation and metabolism
rxn00853,Amino acid metabolism
rxn13980,Lipid metabolism
rxn16862,
rxn14049,Lipid metabolism
rxn14174,Lipid metabolism
rxn14319,Lipid metabolism
rxn27983,Carbohydrate metabolism
rxn15949,Amino acid metabolism
rxn15950,Amino acid metabolism
rxn03439,Glycan biosynthesis and metabolism
rxn16607,
rxn03182,Glycan biosynthesis and metabolism
rxn16788,
rxn16742,
rxn11347,
rxn01343,
rxn05229,Nucleotide metabolism
rxn01048,Energy metabolism
rxn47401,
rxn10003,Energy metabolism
rxn01350,Energy metabolism
rxn38911,
EXpd00214,
rxn31182,Metabolism of cofactors and vitamins
rxn13940,Glycan biosynthesis and metabolism
rxn13941,Glycan biosynthesis and metabolism
rxn32488,
rxn16140,Carbohydrate metabolism
rxn19487,
rxn10663,Amino acid metabolism
rxn10036,Energy metabolism
rxn33602,
rxn10116,Carbohydrate metabolism
rxn31401,Amino acid metabolism
rxn01989,Carbohydrate metabolism
rxn07845,Carbohydrate metabolism
rxn00467,Amino acid metabolism
rxn30552,Amino acid metabolism
rxn12854,
rxn03194,
rxn08799,
rxn25701,
rxn38286,Carbohydrate metabolism
rxn26078,Amino acid metabolism
rxn16207,Metabolism of other amino acids
rxn03374,
rxn27108,Amino acid metabolism
rxn29052,
EXpd00308,
rxn00113,Amino acid metabolism
rxn46442,
rxn34259,
rxn00276,
rxn16683,Glycan biosynthesis and metabolism
rxn43341,
rxn15751,Energy metabolism
rxn44504,
rxn13734,
rxn39377,Amino acid metabolism
rxn40577,
rxn15784,Metabolism of cofactors and vitamins
rxn04139,Metabolism of cofactors and vitamins
rxn32733,
rxn27521,Amino acid metabolism
rxn00877,
rxn35662,
rxn00899,
rxn19260,Amino acid metabolism
rxn04788,Amino acid metabolism
rxn15782,Metabolism of cofactors and vitamins
rxn26474,Metabolism of terpenoids and polyketides
rxn00942,Metabolism of cofactors and vitamins
rxn12996,
rxn28275,Lipid metabolism
rxn38856,Carbohydrate metabolism
rxn00337,Amino acid metabolism
rxn05626,
rxn40038,Energy metabolism
rxn02177,Metabolism of terpenoids and polyketides
rxn01281,Carbohydrate metabolism
rxn34233,Carbohydrate metabolism
rxn00579,Carbohydrate metabolism
rxn01304,Amino acid metabolism
rxn10097,Energy metabolism
rxn10099,Energy metabolism
rxn16699,Metabolism of terpenoids and polyketides
rxn16694,Metabolism of terpenoids and polyketides
rxn04301,Metabolism of terpenoids and polyketides
rxn04448,Metabolism of terpenoids and polyketides
rxn15118,Nucleotide metabolism
rxn05012,Amino acid metabolism
rxn39449,Amino acid metabolism
rxn00656,Metabolism of other amino acids
rxn33986,Amino acid metabolism
rxn06822,
rxn47121,
rxn36682,Lipid metabolism
rxn22066,Metabolism of other amino acids
rxn01438,Amino acid metabolism
rxn26471,Metabolism of terpenoids and polyketides
rxn03705,Xenobiotics biodegradation and metabolism
rxn00456,Amino acid metabolism
rxn34517,
EXpd00024,
rxn01931,
rxn41825,