Name,Brand,Use,Use (General),Number of Strains,Number of Species,Bifidobacterium bifidum,Bifidobacterium breve,Bifidobacterium longum,Lactobacillus Acidophilus,Lactobacillus bulgaricus,Lactobacillus casei,Lactobacillus plantarum,Lactobacillus rhamnosus,Lactococcus/bacilllus lactis,Streptococcus thermophilus,Lactobacillus helveticus,Lactobacillus paracasei,Lactobacillus gasseri,Lactobacillus fermentum,Lactobacillus salivarius,Lactobacillus infantis,Lactobacillus brevis,Lactobacillus reuteri,Bacillus coagulans,Bifidobacterium lactis,Bifidobacterium infantis,Saccharomyces boulardii,Lactobacillus crispatus,Lactobacillus jensenii,Lacticaseibacillus rhamnosus,Bacillus subtilis,Lactiplantibacillus plantarum,Enterococcus faecium,Pediococcus acidilactici,Bacillus clausii,Akkermansia municiphila,Lactobacillus johnsonii,Limosilactobacillus reuteri,Levilactobacillus brevis,Bifidobacterium adolescentis,P. pentosaceus
CVS Health Adult 50+ Probiotic Capsules 90 CT,CVS,Gut,Gut,10,10,1,1,1,1,1,1,1,1,1,1,0,0,0,0,0,0,0,0,0,0,0,0,0,0,0,0,0,0,0,0,0,0,0,0,0,0
CVS Health Everyday Care Probiotic Capsules,CVS,Gut,Gut,10,10,1,1,1,1,0,1,1,1,1,1,1,0,0,0,0,0,0,0,0,0,0,0,0,0,0,0,0,0,0,0,0,0,0,0,0,0
Align Extra Strength Probiotic,Align,Gut,Gut,1,1,0,0,1,0,0,0,0,0,0,0,0,0,0,0,0,0,0,0,0,0,0,0,0,0,0,0,0,0,0,0,0,0,0,0,0,0
CVS Health Daily Digestive Probiotic 6 Billion CFU Capsules,CVS,Gut,Gut,6,6,1,1,1,1,0,1,0,1,0,0,0,0,0,0,0,0,0,0,0,0,0,0,0,0,0,0,0,0,0,0,0,0,0,0,0,0
CVS Health Ultra Strength Probiotic Caplets,CVS,Gut,Gut,8,8,1,1,1,1,0,1,0,1,0,1,0,1,0,0,0,0,0,0,0,0,0,0,0,0,0,0,0,0,0,0,0,0,0,0,0,0
CVS Health Daily Digestive Probiotic 3 Billion CFU Capsules,CVS,Gut,Gut,5,5,1,0,1,1,0,0,0,1,0,0,0,0,1,0,0,0,0,0,0,0,0,0,0,0,0,0,0,0,0,0,0,0,0,0,0,0
"CVS Health Women's Daily Probiotic, 30 CT",CVS,"Gut, Vaginal",Vaginal/Urinary,16,15,1,1,1,0,1,1,0,1,1,0,1,1,1,1,1,1,1,1,0,0,0,0,0,0,0,0,0,0,0,0,0,0,0,0,0,0
"Align Pre + Probiotic Women Gummies, 50 CT",Align,"Gut, Urinary",Vaginal/Urinary,1,1,0,0,0,0,0,0,0,0,0,0,0,0,0,0,0,0,0,0,1,0,0,0,0,0,0,0,0,0,0,0,0,0,0,0,0,0
"CVS Health Advanced Probiotic Gummies, 60 CT",CVS,Gut,Gut,1,1,0,0,0,0,0,0,0,0,0,0,0,0,0,0,0,0,0,0,1,0,0,0,0,0,0,0,0,0,0,0,0,0,0,0,0,0
CVS Health Daily Probiotic 24 Billion CFU Capsules,CVS,Gut,Gut,4,4,0,1,1,1,0,0,0,1,0,0,0,0,0,0,0,0,0,0,0,0,0,0,0,0,0,0,0,0,0,0,0,0,0,0,0,0
"CVS Health Prebiotic + Probiotic Gummies, 60 CT",CVS,Gut,Gut,1,1,0,0,0,0,0,0,0,0,0,0,0,0,0,0,0,0,0,0,1,0,0,0,0,0,0,0,0,0,0,0,0,0,0,0,0,0
"Nature's Bounty Ultra Strength Probiotic 10 Digestive Health Capsules, 30 CT",Nature's Bounty,Gut,Gut,10,8,0,0,0,1,1,1,1,0,0,0,0,1,0,0,1,0,1,0,0,1,0,0,0,0,0,0,0,0,0,0,0,0,0,0,0,0
Align Probiotic Supplement Digestive Capsules,Align,Gut,Gut,1,1,0,0,1,0,0,0,0,0,0,0,0,0,0,0,0,0,0,0,0,0,0,0,0,0,0,0,0,0,0,0,0,0,0,0,0,0
"CVS Health Women's Ultimate Probiotic, 30CT",CVS,"Gut, Vaginal",Vaginal/Urinary,12,10,0,0,1,1,0,0,1,1,0,0,1,1,1,0,0,0,0,1,0,1,1,0,0,0,0,0,0,0,0,0,0,0,0,0,0,0
"Florastor Daily Probiotic Supplement Vegetarian Capsules, 50 CT",Florastor,GI,Gut,1,1,0,0,0,0,0,0,0,0,0,0,0,0,0,0,0,0,0,0,0,0,0,1,0,0,0,0,0,0,0,0,0,0,0,0,0,0
Nature's Bounty Probiotic Gummies,Nature's Bounty,Gut,Gut,1,1,0,0,0,0,0,0,0,0,0,0,0,0,0,0,0,0,0,0,1,0,0,0,0,0,0,0,0,0,0,0,0,0,0,0,0,0
Garden of Life Women's Daily Care Probiotic Capsules,Garden of Life,"Gut, Vaginal",Vaginal/Urinary,16,15,1,0,1,1,1,1,1,1,0,0,0,1,1,1,1,0,1,1,0,1,1,0,0,0,0,0,0,0,0,0,0,0,0,0,0,0
Culturelle Women's Healthy Balance Probiotic Capsules,Culturelle,"Gut, Vaginal, Urinary",Vaginal/Urinary,5,4,0,0,0,0,0,0,0,1,0,0,0,0,1,0,0,0,0,0,0,0,0,0,1,1,0,0,0,0,0,0,0,0,0,0,0,0
CVS Health Daily Probiotic 24 Billion CFU Capsules ,CVS,Gut,Gut,4,3,0,0,0,0,0,0,0,1,0,0,0,1,0,0,0,0,0,0,0,1,0,0,0,0,0,0,0,0,0,0,0,0,0,0,0,0
"Nature's Bounty Probiotic GX Capsules, 25CT",Nature's Bounty,Gut,Gut,1,1,0,0,0,0,0,0,1,0,0,0,0,0,0,0,0,0,0,0,0,0,0,0,0,0,0,0,0,0,0,0,0,0,0,0,0,0
Align Probiotic Women's Dual Action Probiotics Capsules,Align,"Gut, Vaginal",Vaginal/Urinary,3,3,0,0,1,1,0,0,0,0,0,0,0,0,0,0,0,0,0,0,0,0,0,0,0,0,1,0,0,0,0,0,0,0,0,0,0,0
"Phillips Colon Health Probiotic Supplement Capsules, 45CT",Phillips',Gut,Gut,3,3,1,0,1,0,0,0,0,0,0,0,0,0,1,0,0,0,0,0,0,0,0,0,0,0,0,0,0,0,0,0,0,0,0,0,0,0
"Nature Made Ultra Strength Digestive Probiotics for Women and Men, Probiotic Gummies, 42 CT",Nature Made,Gut,Gut,1,1,0,0,0,0,0,0,0,0,0,0,0,0,0,0,0,0,0,0,1,0,0,0,0,0,0,0,0,0,0,0,0,0,0,0,0,0
CVS Health Probiotic + Prebiotic Gummies 30 CT,CVS,Gut,Gut,1,1,0,0,0,0,0,0,0,0,0,0,0,0,0,0,0,0,0,0,1,0,0,0,0,0,0,0,0,0,0,0,0,0,0,0,0,0
CVS Health Senior Wellness Probiotic Capsules,CVS,Gut,Gut,11,10,1,1,1,1,0,1,1,1,1,1,1,0,0,0,0,,0,0,0,0,0,0,0,0,0,0,0,0,0,0,0,0,0,0,0,0
"CVS Health Probiotic Softgels, 30 CT",CVS,Gut,Gut,1,1,0,0,0,0,0,0,0,0,0,0,0,0,0,0,0,0,0,0,1,0,0,0,0,0,0,0,0,0,0,0,0,0,0,0,0,0
"CVS Health Daily Probiotic Capsules, 28 CT",CVS,Gut,Gut,4,4,0,0,1,1,0,0,0,1,0,0,0,0,0,0,0,0,0,0,0,0,1,0,0,0,0,0,0,0,0,0,0,0,0,0,0,0
"CVS Digestive Probiotic Capsules, 50 CT",CVS,Gut,Gut,4,4,0,0,1,1,0,0,0,1,0,0,0,0,0,0,0,0,0,0,0,0,1,0,0,0,0,0,0,0,0,0,0,0,0,0,0,0
CVS Health Advanced Probiotic Gummies Plus Fiber,CVS,Gut,Gut,1,1,0,0,0,0,0,0,0,0,0,0,0,0,0,0,0,0,0,0,1,0,0,0,0,0,0,0,0,0,0,0,0,0,0,0,0,0
"Align Probiotic Bloating  Relief + Food Digestion, 28 CT",Align,Gut,Gut,1,1,0,0,1,0,0,0,0,0,0,0,0,0,0,0,0,0,0,0,0,0,0,0,0,0,0,0,0,0,0,0,0,0,0,0,0,0
"CVS Health Women's Prebiotic + Probiotic Gummies, 50CT",CVS,"Gut, Urinary",Vaginal/Urinary,1,1,0,0,0,0,0,0,0,0,0,0,0,0,0,0,0,0,0,0,1,0,0,0,0,0,0,0,0,0,0,0,0,0,0,0,0,0
"Olly Probiotic + Previotic Vitamin 30 CT, Peachy Peach",Olly,Gut,Gut,1,1,0,0,0,0,0,0,0,0,0,0,0,0,0,0,0,0,0,0,1,0,0,0,0,0,0,0,0,0,0,0,0,0,0,0,0,0
Physician's Choice Women's Probiotic Delayed-Release Capsules,Physician's Choice,"Gut, Vaginal, Urinary",Vaginal/Urinary,6,6,0,0,0,1,0,1,1,0,0,0,0,1,1,0,0,0,0,0,0,1,0,0,0,0,0,0,0,0,0,0,0,0,0,0,0,0
CVS Health Daily Probiotic 2 Billion CFU Capsules,CVS,Gut,Gut,4,4,0,0,1,1,0,0,0,1,0,0,0,0,0,0,0,0,0,0,0,0,1,0,0,0,0,0,0,0,0,0,0,0,0,0,0,0
"RepHresh Pro-B Vaginal Probiotic Feminine Supplmeent Capsules, 30 CT",RePHresh,Vaginal,Vaginal/Urinary,2,2,0,0,0,0,0,0,0,1,0,0,0,0,0,0,0,0,0,1,0,0,0,0,0,0,0,0,0,0,0,0,0,0,0,0,0,0
CVS Health Daily Probiotic 6 Billion CFU Capsules,CVS,Gut,Gut,6,6,1,1,1,1,0,0,0,1,0,0,0,1,0,0,0,0,0,0,0,0,0,0,0,0,0,0,0,0,0,0,0,0,0,0,0,0
AZO Complete Feminine Balance,AZO,"Urinary, Vaginal",Vaginal/Urinary,4,4,0,0,0,0,0,0,0,1,0,0,0,0,1,0,0,0,0,0,0,0,0,0,1,1,0,0,0,0,0,0,0,0,0,0,0,0
CVS Health Probiotic Minis Softgels,CVS,Gut,Gut,2,2,0,0,1,1,0,0,0,0,0,0,0,0,0,0,0,0,0,0,0,0,0,0,0,0,0,0,0,0,0,0,0,0,0,0,0,0
"Align Yogurt Bites, Applie Buleberry, 21 CT",Align,Gut,Gut,1,1,0,0,0,0,0,0,0,0,0,0,0,0,0,0,0,0,0,0,1,0,0,0,0,0,0,0,0,0,0,0,0,0,0,0,0,0
Culturelle Digestive Daily Probiotic Capsules,Culturelle,Gut,Gut,1,1,0,0,0,0,0,0,0,1,0,0,0,0,0,0,0,0,0,0,0,0,0,0,0,0,0,0,0,0,0,0,0,0,0,0,0,0
"OLLY Happy Hoo-Ha, Women's Probiotic Capsule Supplement, 30 CT",Olly,Vaginal,Vaginal/Urinary,2,2,0,0,0,1,0,0,0,1,0,0,0,0,0,0,0,0,0,0,0,0,0,0,0,0,0,0,0,0,0,0,0,0,0,0,0,0
"Nature's Way Probiotic Pearls for Digestive Health Softgels, 30 CT",Nature's Way,Gut,Gut,2,2,0,0,1,1,0,0,0,0,0,0,0,0,0,0,0,0,0,0,0,0,0,0,0,0,0,0,0,0,0,0,0,0,0,0,0,0
"Renew Life Women's Care Vaginal Women's Probiotic Supplement, 30 Vegetarian Capsules, 50 Billion CFU",RenewLife,"Gut, Vaginal, Urinary",Vaginal/Urinary,12,10,0,0,0,1,0,1,1,1,1,0,0,1,0,0,0,0,1,1,0,1,1,0,0,0,0,0,0,0,0,0,0,0,0,0,0,0
CVS Health Women's Daily Probiotic Capsules,CVS,"Gut, Vaginal",Vaginal/Urinary,5,4,0,0,0,0,0,0,0,1,0,0,1,1,1,0,0,0,0,0,0,0,0,0,0,0,0,0,0,0,0,0,0,0,0,0,0,0
"Culturelle Daily Prebiotic + Probiotic Gumies, Mixed Berry, 52 CT",Culturelle,Gut,Gut,1,1,0,0,0,0,0,0,0,0,0,0,0,0,0,0,0,0,0,0,0,0,0,0,0,0,0,1,0,0,0,0,0,0,0,0,0,0
"Align Women's Health Prebiotic + Probiotic Gummies, 50 CT",Align,"Gut, Urinary",Vaginal/Urinary,1,1,0,0,0,0,0,0,0,0,0,0,0,0,0,0,0,0,0,0,1,0,0,0,0,0,0,0,0,0,0,0,0,0,0,0,0,0
"Nature's Bounty Acidophilus Twin Pack, 100 CT",Nature's Bounty,Gut,Gut,1,1,0,0,0,1,0,0,0,0,0,0,0,0,0,0,0,0,0,0,0,0,0,0,0,0,0,0,0,0,0,0,0,0,0,0,0,0
"CVS Health Adult 50+ Probiotic Capsules, 30 CT",CVS,Gut,Gut,10,10,1,1,1,1,1,1,1,1,1,1,0,0,0,0,0,0,0,0,0,0,0,0,0,0,0,0,0,0,0,0,0,0,0,0,0,0
"Benefiber Prebiotic and Probiotic Gummies, Assorted Fruit, 50 CT",Benefiber,Gut,Gut,1,1,0,0,0,0,0,0,0,0,0,0,0,0,0,0,0,0,0,0,1,0,0,0,0,0,0,0,0,0,0,0,0,0,0,0,0,0
"Florastor Kids Probiotic Packets, 20 CT",Florastor,Gut,Gut,1,1,0,0,0,0,0,0,0,0,0,0,0,0,0,0,0,0,0,0,0,0,0,1,0,0,0,0,0,0,0,0,0,0,0,0,0,0
CVS Health Ultimate Digestive Probiotic Tablets,CVS,Gut,Gut,12,12,1,1,1,1,0,1,1,1,0,0,1,1,0,0,0,0,0,1,0,1,1,0,0,0,0,0,0,0,0,0,0,0,0,0,0,0
"Renew Life Women's Wellness #1 Selling Women's Care Probiotic, 4-in-1 Support, 25 Billion CFU/Capsule Guaranteed, 12 Strains, Shelf-Stable, 50 Capsules, Value Pack 65% More",RenewLife,"Gut, Vaginal, Urinary",Vaginal/Urinary,12,10,0,0,0,1,0,1,1,1,1,0,0,1,0,0,0,0,1,1,0,1,1,0,0,0,0,0,0,0,0,0,0,0,0,0,0,0
CVS Health Senior Wellness Probiotic ,CVS,Gut,Gut,10,10,1,1,1,1,0,1,1,1,1,1,1,0,0,0,0,0,0,0,0,0,0,0,0,0,0,0,0,0,0,0,0,0,0,0,0,0
"Florastor Advance Gas & Bloat Probiotic, 30 CT",Florastor,Gut,Gut,1,1,0,0,0,0,0,0,0,0,0,0,0,0,0,0,0,0,0,0,0,0,0,1,0,0,0,0,0,0,0,0,0,0,0,0,0,0
"CVS Health Gas And Bloating Probiotic, 30 CT",CVS,Gut,Gut,3,3,0,0,0,0,0,0,0,1,0,0,0,1,0,0,0,0,0,0,0,1,0,0,0,0,0,0,0,0,0,0,0,0,0,0,0,0
Physician's Choice 60 Billion Probiotic Delayed-Release Capsules,Physician's Choice,Gut,Gut,10,10,1,1,1,1,1,1,1,0,0,0,0,1,0,0,1,0,0,0,0,1,0,0,0,0,0,0,0,0,0,0,0,0,0,0,0,0
Florastor Select Daily Probiotic and Prebiotic Supplement Capsules,Florastor,Gut,Gut,1,1,0,0,0,0,0,0,0,0,0,0,0,0,0,0,0,0,0,0,0,0,0,1,0,0,0,0,0,0,0,0,0,0,0,0,0,0
"Align DualBiotic Prebiotic + Probiotic Digestive Health Gummies, Natural Fruit Flavors",Align,Gut,Gut,1,1,0,0,0,0,0,0,0,0,0,0,0,0,0,0,0,0,0,0,1,0,0,0,0,0,0,0,0,0,0,0,0,0,0,0,0,0
"CVS Health High Absorption1 Iron & Probiotics, 30 CT",CVS,Gut,Gut,1,1,0,0,0,0,0,0,0,0,0,0,0,0,0,0,0,0,0,0,0,0,0,0,0,0,0,0,1,0,0,0,0,0,0,0,0,0
Garden of Life Men's Daily Care Probiotic Capsules ,Garden of Life,Gut,Gut,15,15,1,1,1,1,1,1,1,1,0,0,0,1,1,1,1,0,1,0,0,1,1,0,0,0,0,0,0,0,0,0,0,0,0,0,0,0
"Schiff Digestive Advantage Fast Acting Enzymes + Daily Probiotic, 32 CT",Digestive Advantage,Gut,Gut,1,1,0,0,0,0,0,0,0,0,0,0,0,0,0,0,0,0,0,0,1,0,0,0,0,0,0,0,0,0,0,0,0,0,0,0,0,0
"Metamucil Fiber Gummies Plus Probiotic, 60 CT",Metamucil,Gut,Gut,1,1,0,0,0,0,0,0,0,0,0,0,0,0,0,0,0,0,0,0,1,0,0,0,0,0,0,0,0,0,0,0,0,0,0,0,0,0
Culturelle Digestive Health Daily Probiotic Chewable Tablets,Culturelle,Gut,Gut,1,1,0,0,0,0,0,0,0,1,0,0,0,0,0,0,0,0,0,0,0,0,0,0,0,0,0,0,0,0,0,0,0,0,0,0,0,0
Garden of Life Critical Care Capsules,Garden of Life,Gut,Gut,15,14,1,1,1,1,1,1,1,1,0,0,0,1,1,0,1,0,1,0,0,1,1,0,0,0,0,0,0,0,0,0,0,0,0,0,0,0
"Culturelle Health & Wellness Daily Probiotic, Immune Support, Capsules",Culturelle,Gut,Gut,1,1,0,0,0,0,0,0,0,1,0,0,0,0,0,0,0,0,0,0,0,0,0,0,0,0,0,0,0,0,0,0,0,0,0,0,0,0
"Ombre Healthy Gut Extra Strenght Probiotic, 60 CT",Ombre,Gut,Gut,8,9,0,0,0,1,0,0,1,1,0,0,1,1,0,0,0,0,0,0,0,1,0,1,0,0,0,0,1,1,0,0,0,0,0,0,0,0
Culturelle Ultimate Strength Probiotic Capsules,Culturelle,Gut,Gut,1,1,0,0,0,0,0,0,0,1,0,0,0,0,0,0,0,0,0,0,0,0,0,0,0,0,0,0,0,0,0,0,0,0,0,0,0,0
"Nature's Bounty Controlled Delivery Probiotic CD Caplets, 30 CT",Nature's Bounty,Gut,Gut,6,7,1,0,1,1,0,0,1,1,0,0,0,0,0,1,0,0,0,0,0,0,0,0,0,0,0,1,0,0,0,0,0,0,0,0,0,0
"Culturelle Kids Multivitamin + Probiotic Lutein Gummies, 60 CT",Culturelle,Gut,Gut,1,1,0,0,0,0,0,0,0,0,0,0,0,0,0,0,0,0,0,0,0,0,0,0,0,0,0,1,0,0,0,0,0,0,0,0,0,0
"Ombre Endless Energy Probiotics, 60 CT",Ombre,Gut,Gut,5,5,1,0,0,0,0,0,0,1,0,0,1,1,0,0,0,0,0,0,0,0,0,1,0,0,0,0,0,0,0,0,0,0,0,0,0,0
"Culturelle Abdominal Support & Comfort Complet Solution Packets, 28 CT",Culturelle,Gut ,Gut,1,1,0,0,0,0,0,0,0,0,0,0,0,0,0,0,0,0,0,0,1,0,0,0,0,0,0,0,0,0,0,0,0,0,0,0,0,0
CVS Health Probiotic Gummies,CVS,Gut,Gut,1,1,0,0,0,0,0,0,0,0,0,0,0,0,0,0,0,0,0,0,1,0,0,0,0,0,0,0,0,0,0,0,0,0,0,0,0,0
Culturelle Kids Daily Probiotic + Prebiotic Gummies,Culturelle,Gut,Gut,2,2,0,0,0,0,0,0,0,0,0,0,0,0,0,0,0,0,0,0,1,0,0,0,0,0,0,1,0,0,0,0,0,0,0,0,0,0
CVS Health Extra Strength Daily Probiotic Capsules,CVS,Gut,Gut,4,4,0,0,1,1,0,0,0,1,0,0,0,0,0,0,0,0,0,0,0,0,1,0,0,0,0,0,0,0,0,0,0,0,0,0,0,0
Culturelle Kids Purely Probiotic Packets,Culturelle,Gut,Gut,1,1,0,0,0,0,0,0,0,1,0,0,0,0,0,0,0,0,0,0,0,0,0,0,0,0,0,0,0,0,0,0,0,0,0,0,0,0
CVS Health Advanced Probiotic Gummies,CVS,Gut,Gut,1,1,0,0,0,0,0,0,0,0,0,0,0,0,0,0,0,0,0,0,1,0,0,0,0,0,0,0,0,0,0,0,0,0,0,0,0,0
CVS Health Digestive Probiotic Capsules,CVS,Gut,Gut,1,1,0,0,0,0,0,0,0,0,0,0,0,0,0,0,0,0,0,0,0,0,0,1,0,0,0,0,0,0,0,0,0,0,0,0,0,0
Phillips' Colon Health Probiotic Supplement Capsules,Phillips',Gut,Gut,2,2,0,0,0,0,0,0,0,1,0,0,0,0,0,0,0,0,0,0,0,1,0,0,0,0,0,0,0,0,0,0,0,0,0,0,0,0
"Align Probiotics Chewables, Banana Strawberry, 24 CT",Align,Gut,Gut,1,1,0,0,1,0,0,0,0,0,0,0,0,0,0,0,0,0,0,0,0,0,0,0,0,0,0,0,0,0,0,0,0,0,0,0,0,0
"Florastor Daily Probiotic Supplement Vegetarian Capsules, 20 CT",Florastor,Gut,Gut,1,1,0,0,0,0,0,0,0,0,0,0,0,0,0,0,0,0,0,0,0,0,0,1,0,0,0,0,0,0,0,0,0,0,0,0,0,0
"OLLY Probiotic 50CT, Tropical Mango",Olly,Gut,Gut,1,1,0,0,0,0,0,0,0,0,0,0,0,0,0,0,0,0,0,0,1,0,0,0,0,0,0,0,0,0,0,0,0,0,0,0,0,0
CVS Health Digestive Probiotic Capsules 45 CT,CVS,Gut,Gut,5,5,1,0,1,1,0,0,0,1,0,0,0,0,1,0,0,0,0,0,0,0,0,0,0,0,0,0,0,0,0,0,0,0,0,0,0,0
"Align Probiotic Women's Dual Action Gut & Feminine Health Capsules, 28 CT",Align,"Gut, Vaginal",Vaginal/Urinary,5,3,0,0,1,1,0,0,0,0,0,0,0,0,0,0,0,0,0,0,0,0,0,0,0,0,1,0,0,0,0,0,0,0,0,0,0,0
Digestive Advantage Superfruit Daily Probiotic Gummies & Immune Health,Digestive Advantage,Gut,Gut,1,1,0,0,0,0,0,0,0,0,0,0,0,0,0,0,0,0,0,0,1,0,0,0,0,0,0,0,0,0,0,0,0,0,0,0,0,0
Physician's Choice Thin 30 Probiotic Delayed-Release Capsules,Physician's Choice,Gut,Gut,6,6,0,0,0,1,0,0,1,1,0,0,0,0,1,0,0,0,0,0,0,1,1,0,0,0,0,0,0,0,0,0,0,0,0,0,0,0
TruBiotics Daily Probiotic Supplement Capsules,TruBiotics,Gut,Gut,2,2,0,0,0,1,0,0,0,0,0,0,0,0,0,0,0,0,0,0,0,1,0,0,0,0,0,0,0,0,0,0,0,0,0,0,0,0
"Olly Probiotic Gummy, 1 billion CFUs, Chewable Probiotic Supplement, Bramble Berry, 80CT",Olly,Gut,Gut,1,1,0,0,0,0,0,0,0,0,0,0,0,0,0,0,0,0,0,0,1,0,0,0,0,0,0,0,0,0,0,0,0,0,0,0,0,0
"Renew Life Women's Wellness, Women's Care Probiotic, 25 Billion. CFU Per Cap., 30 ct. Value Pack*",RenewLife,"Gut, Urinary, Vaginal",Vaginal/Urinary,12,10,0,0,0,1,0,1,1,1,1,0,0,1,0,0,0,0,1,1,0,1,1,0,0,0,0,0,0,0,0,0,0,0,0,0,0,0
"Goli Pre+Probiotic Gummies, 60 CT",goli,Gut,Gut,2,2,0,0,0,0,0,0,0,0,0,0,0,1,0,0,0,0,0,0,0,0,0,0,0,0,0,1,0,0,0,0,0,0,0,0,0,0
CVS Health Premium Care Probiotic Capsules,CVS,Gut,Gut,9,9,0,1,1,1,0,1,1,1,1,1,0,1,0,0,0,0,0,0,0,0,0,0,0,0,0,0,0,0,0,0,0,0,0,0,0,0
"Olly Extra Strength Probiotic Gummies, 6 Billion CFUs, 2 Probiotic Strains, 50 CT",Olly,Gut,Gut,2,2,0,0,0,0,0,0,0,0,0,0,0,0,0,0,0,0,0,0,1,0,0,0,0,0,0,1,0,0,0,0,0,0,0,0,0,0
CVS Ultra Strength Probiotic Capsules,CVS,Gut,Gut,8,8,1,1,1,1,0,1,0,1,0,1,0,1,0,0,0,0,0,0,0,0,0,0,0,0,0,0,0,0,0,0,0,0,0,0,0,0
Florastor Daily Probiotic Supplement Vegetarian Capsules,Florastor,Gut,Gut,1,1,0,0,0,0,0,0,0,0,0,0,0,0,0,0,0,0,0,0,0,0,0,1,0,0,0,0,0,0,0,0,0,0,0,0,0,0
Digestive Advantage Daily Probiotic Gummies,Digestive Advantage,Gut,Gut,1,1,0,0,0,0,0,0,0,0,0,0,0,0,0,0,0,0,0,0,1,0,0,0,0,0,0,0,0,0,0,0,0,0,0,0,0,0
"AZO Complete Feminine Balance Daily Probiotic for Women Capsules, 30 CT",,"Urinary, Vaginal",Vaginal/Urinary,4,4,0,0,0,0,0,0,0,1,0,0,0,0,1,0,0,0,0,0,0,0,0,0,1,1,0,0,0,0,0,0,0,0,0,0,0,0
"Align Probiotics Gut Health and Immunity Support Capsules, 14 CT",Align,Gut,Gut,1,1,0,0,0,0,0,0,0,0,0,0,0,0,0,0,0,0,0,0,0,1,0,0,0,0,0,0,0,0,0,0,0,0,0,0,0,0
"CVS Health Daily Probiotic Capsules, 30 CT",CVS,Gut,Gut,4,4,0,0,1,1,0,0,0,1,0,0,0,0,0,0,0,0,0,0,0,0,1,0,0,0,0,0,0,0,0,0,0,0,0,0,0,0
Align Probiotic Supplement,Align,Gut,Gut,1,1,0,0,1,0,0,0,0,0,0,0,0,0,0,0,0,0,0,0,0,0,0,0,0,0,0,0,0,0,0,0,0,0,0,0,0,0
"CVS Health Targeted Care Probiotic + Vitamin C Dietary Supplement, 30 CT",CVS,Gut,Gut,5,5,1,0,0,1,0,0,0,1,0,0,1,0,0,0,0,0,0,0,0,1,0,0,0,0,0,0,0,0,0,0,0,0,0,0,0,0
Olly Kids Multi & Probiotic Gummies,Olly,Gut,Gut,1,1,0,0,0,0,0,0,0,0,0,0,0,0,0,0,0,0,0,0,1,0,0,0,0,0,0,0,0,0,0,0,0,0,0,0,0,0
Friska Women's Daily enzyme + Probiotic support capsules,FRISKA,Gut,Gut,3,3,0,0,0,1,0,0,0,1,0,0,0,0,0,0,0,0,0,0,0,0,0,0,0,0,0,1,0,0,0,0,0,0,0,0,0,0
"CVS Health Everyday Care Probiotic, 45 CT",CVS,Gut,Gut,10,10,1,1,1,1,0,0,1,1,1,1,1,1,0,0,0,0,0,0,0,0,0,0,0,0,0,0,0,0,0,0,0,0,0,0,0,0
Terra Origin Digestive Enzymes with Probiotic Blend,Terra Origin,Gut,Gut,7,7,1,0,1,1,0,0,1,1,1,1,0,0,0,0,0,0,0,0,0,0,0,0,0,0,0,0,0,0,0,0,0,0,0,0,0,0
"GoodBelly Fast Melts Digestion, Lemon, 1.05 Oz",GoodBelly,Gut,Gut,1,1,0,0,0,0,0,0,1,0,0,0,0,0,0,0,0,0,0,0,0,0,0,0,0,0,0,0,0,0,0,0,0,0,0,0,0,0
"Culturelle Daily Prebiotic+Probiotic Gummies for Adults, Mixed Berry, 52 CT",Culturelle,Gut,Gut,1,1,0,0,0,0,0,0,0,0,0,0,0,0,0,0,0,0,0,0,0,0,0,0,0,0,0,1,0,0,0,0,0,0,0,0,0,0
"GoodBelly Probiotic Supplement Capsules, 30 CT",GoodBelly,Gut,Gut,1,1,0,0,0,0,0,0,1,0,0,0,0,0,0,0,0,0,0,0,0,0,0,0,0,0,0,0,0,0,0,0,0,0,0,0,0,0
"GoodBelly Fast Melts Immune Support, Strawberry, 1.05 oz",GoodBelly,Gut ,Gut,2,2,0,0,0,0,0,0,1,0,0,0,0,1,0,0,0,0,0,0,0,0,0,0,0,0,0,0,0,0,0,0,0,0,0,0,0,0
"Ombre Heart Health Probiotics, 30 CT",Ombre,"Gut, Heart",Heart,8,4,0,0,1,0,0,0,1,1,0,0,0,0,0,0,0,0,0,0,0,0,0,0,0,0,0,0,0,0,1,0,0,0,0,0,0,0
CVS Health Children's Probiotic Packets,CVS,Gut,Gut,1,1,0,0,0,0,0,0,0,0,0,0,0,0,0,0,0,0,0,0,0,0,0,1,0,0,0,0,0,0,0,0,0,0,0,0,0,0
CVS Health Cardio Probiotic,CVS,Heart,Heart,12,6,1,0,1,1,0,0,1,1,0,0,0,0,0,0,1,0,0,0,0,0,0,0,0,0,0,0,0,0,0,0,0,0,0,0,0,0
Ombre Mood Enhancer Probiotics ,Ombre,Gut,Gut,6,4,0,0,1,0,0,0,1,1,0,0,0,0,0,0,0,0,0,0,0,0,0,0,0,0,0,0,0,0,1,0,0,0,0,0,0,0
"Ombre Ultimate Immunity Probiotics, 30 CT",Ombre,"Gut, Upper Respriatory",Respiratory,5,2,0,0,0,0,0,0,1,0,0,0,0,0,0,0,0,0,0,0,0,0,0,0,0,0,0,0,0,0,1,0,0,0,0,0,0,0
"Codeage Leaky Gut, L-Glutamine Supplement, Licorice Root, Pre + Probiotics, Postbiotic, Vegan, 60 CT",Codeage,Gut,Gut,2,2,0,0,0,0,0,0,0,0,0,0,0,0,0,0,0,0,0,0,1,0,0,1,0,0,0,0,0,0,0,0,0,0,0,0,0,0
"Ombre Metabolic Booster Probiotics, 60 CT",Ombre,Gut,Gut,8,8,0,0,1,1,0,0,0,1,1,0,1,0,0,0,0,0,0,1,0,0,0,1,0,0,0,0,0,1,0,0,0,0,0,0,0,0
"Culturelle Kids Daily Probiotic Chewable Supplement, Berry, 30 CT",Culturelle,"Gut, Oral",Oral,1,1,0,0,0,0,0,0,0,1,0,0,0,0,0,0,0,0,0,0,0,0,0,0,0,0,0,0,0,0,0,0,0,0,0,0,0,0
"Hers Mood Mental Health Probiotic, 30 CT",Hers,Gut,Gut,1,1,0,0,0,0,0,0,0,0,0,0,0,0,0,0,0,0,0,0,0,0,0,0,0,0,0,1,0,0,0,0,0,0,0,0,0,0
Friska Men's Daily Enzyme + Probiotic Support Capsules,FRISKA,Gut,Gut,5,4,0,0,0,1,0,0,0,1,0,0,0,0,0,0,1,0,0,0,0,0,0,0,0,0,0,1,0,0,0,0,0,0,0,0,0,0
hers digest debloat women's probiotic supplement,Hers,Gut,Gut,1,1,0,0,0,0,0,0,0,0,0,0,0,0,0,0,0,0,0,0,0,0,0,0,0,0,0,1,0,0,0,0,0,0,0,0,0,0
hers detox gut health women's probiotic supplement,Hers,Gut,Gut,3,3,0,0,0,0,0,0,0,0,0,0,0,0,0,0,0,0,0,0,0,0,0,1,0,0,0,1,0,0,0,1,0,0,0,0,0,0
"GoodBelly Probiotic Plus Iron Supplement Capsules, 30 CT",GoodBelly,Gut,Gut,1,1,0,0,0,0,0,0,1,0,0,0,0,0,0,0,0,0,0,0,0,0,0,0,0,0,0,0,0,0,0,0,0,0,0,0,0,0
"Garden of Lifef Dr. Formulated Probiotics Mood Daily Care, 30 CT",Garden of Life,Gut,Gut,17,15,1,1,1,1,1,1,1,1,0,0,1,1,1,0,1,0,1,0,0,1,1,0,0,0,0,0,0,0,0,0,0,0,0,0,0,0
Beekeeper's Naturals Propolis Complete Gut Health Vegan Capsules,Beekeeper's ,Gut,Gut,2,2,0,0,0,0,0,0,0,0,0,0,0,0,0,0,0,0,0,0,1,0,0,0,0,0,0,1,0,0,0,0,0,0,0,0,0,0
CVS Health Feminine Health Probiotic Capsules,CVS,Gut,Gut,5,4,0,0,0,1,0,0,0,1,0,0,0,1,0,0,0,0,0,1,0,0,0,0,0,0,0,0,0,0,0,0,0,0,0,0,0,0
"CVS Health Women's Probiotic & Cranberry Capsules, 30 CT",CVS,"Gut, Urinary",Vaginal/Urinary,6,6,0,0,0,1,1,0,0,1,0,1,0,1,0,0,0,0,0,1,0,0,0,0,0,0,0,0,0,0,0,0,0,0,0,0,0,0
"CVS Health Feminine Balance Probiotic Dietary Supplements, 30 CT",CVS,Vaginal,Vaginal/Urinary,4,4,0,0,0,0,0,0,1,1,0,0,1,0,1,0,0,0,0,0,0,0,0,0,0,0,0,0,0,0,0,0,0,0,0,0,0,0
Live Better Prenatal Probiotic Capsules,Live Better,Vaginal,Vaginal/Urinary,7,6,0,1,1,0,0,1,0,1,0,0,1,1,0,0,0,0,0,0,0,0,0,0,0,0,0,0,0,0,0,0,0,0,0,0,0,0
"Live Better Stress and Mood Probiotic, 30 CT",Live Better,Gut,Gut,4,4,0,1,1,0,0,0,0,0,0,0,1,1,0,0,0,0,0,0,0,0,0,0,0,0,0,0,0,0,0,0,0,0,0,0,0,0
CVS Health Targeted Care Probiotic,CVS,Gut,Gut,5,5,1,0,0,0,0,1,1,1,0,0,0,1,0,0,0,0,0,0,0,0,0,0,0,0,0,0,0,0,0,0,0,0,0,0,0,0
"hers start women's probiotic supplement, 30 CT",Hers,"Gut, Urinary",Vaginal/Urinary,4,4,0,0,0,0,0,0,0,1,0,0,0,0,1,0,0,0,0,0,0,0,0,1,0,0,0,1,0,0,0,0,0,0,0,0,0,0
Walgreens Daily Probiotic with Saccharomyces Boulardii,Walgreens,Gut,Gut,1,1,0,0,0,0,0,0,0,0,0,0,0,0,0,0,0,0,0,0,0,0,0,1,0,0,0,0,0,0,0,0,0,0,0,0,0,0
Walgreens ultra Probiotic Capsules 60 ea,Walgreens,Gut,Gut,10,8,0,0,0,1,1,0,1,1,1,0,1,1,0,0,0,0,0,0,0,1,0,0,0,0,0,0,0,0,0,0,0,0,0,0,0,0
Nature's Bounty Probiotic Acidophilus Dietary Supplement Tablets 100 ea,Walgreens,Gut,Gut,1,1,0,0,0,1,0,0,0,0,0,0,0,0,0,0,0,0,0,0,0,0,0,0,0,0,0,0,0,0,0,0,0,0,0,0,0,0
Walgreens Probiotic capsules 60 ea,Walgreens,Gut,Gut,1,1,0,0,0,1,0,0,0,0,0,0,0,0,0,0,0,0,0,0,0,0,0,0,0,0,0,0,0,0,0,0,0,0,0,0,0,0
Walgreens Super Probiotic Digestive Support Capsules 20 Billion Active Cultures 30 ea,Walgreens,Gut,Gut,4,3,1,0,0,1,0,0,0,0,0,0,0,0,0,0,0,0,0,0,0,1,0,0,0,0,0,0,0,0,0,0,0,0,0,0,0,0
Walgreens Probiotic 500 Million CFU Gummies Natural Fruit,Walgreens,Gut,Gut,1,1,0,0,0,0,0,0,0,0,0,0,0,0,0,0,0,0,0,0,1,0,0,0,0,0,0,0,0,0,0,0,0,0,0,0,0,0
Walgreens Adult 50+ Probiotic,Walgreens,Gut,Gut,7,7,1,1,0,1,0,0,1,1,0,0,0,1,0,0,0,0,0,0,0,1,0,0,0,0,0,0,0,0,0,0,0,0,0,0,0,0
Walgreens Clinical Strenght Probiotic Capsules (30 days) 15 billion active cultures (Packaging May Vary),Walgreens,Gut,Gut,2,2,0,0,0,1,0,0,0,1,0,0,0,0,0,0,0,0,0,0,0,0,0,0,0,0,0,0,0,0,0,0,0,0,0,0,0,0
Walgreens Probiotic,Walgreens,Gut,Gut,4,4,1,0,1,1,0,0,0,0,0,0,0,0,0,0,0,0,0,0,0,1,0,0,0,0,0,0,0,0,0,0,0,0,0,0,0,0
Walgreens Extra Strenght Probiotic Digestive Health Capsules (30 days),Walgreens,Gut,,9,9,1,1,1,1,0,0,1,1,0,0,0,1,0,0,0,0,0,0,0,1,1,0,0,0,0,0,0,0,0,0,0,0,0,0,0,0
Walgreens Ultimate Probiotic 30 ea,Walgreens,Gut,Gut,10,9,0,1,1,1,1,0,1,1,1,0,1,1,0,0,0,0,0,0,0,0,0,0,0,0,0,0,0,0,0,0,0,0,0,0,0,0
"Florajen Digestion Refrigerated Probiotic, 15 Billion CFUs 60 ea",Florajen,Gut,Gut,5,3,0,0,1,1,0,0,0,0,0,0,0,0,0,0,0,0,0,0,0,1,0,0,0,0,0,0,0,0,0,0,0,0,0,0,0,0
Walgreens Probiotic Chewables,Walgreens,Gut,Gut,2,2,0,0,0,1,0,0,0,1,0,0,0,0,0,0,0,0,0,0,0,0,0,0,0,0,0,0,0,0,0,0,0,0,0,0,0,0
Nature Made Digestive Probiotics Advanced Dual Action Capsules,Nature Made,Gut,Gut,2,2,0,0,0,0,0,0,0,1,0,0,0,0,0,0,0,0,0,0,0,1,0,0,0,0,0,0,0,0,0,0,0,0,0,0,0,0
Florastor Daily Probiotic Supplmenet Capsules for Men and Women 30 ea,Florastor,Gut,Gut,1,1,0,0,0,0,0,0,0,0,0,0,0,0,0,0,0,0,0,0,0,0,0,1,0,0,0,0,0,0,0,0,0,0,0,0,0,0
"Digestive Advantage Daily Probiotics Gummies for Women's & Men's Digestive & Gut Health, Bloading Assorted Fruit 80 ea",Digestive Advantage,Gut,Gut,1,1,0,0,0,0,0,0,0,0,0,0,0,0,0,0,0,0,0,0,1,0,0,0,0,0,0,0,0,0,0,0,0,0,0,0,0,0
Culturelle 3-in-1 Complete Probiotic Daily Formula 30ea,Culturelle,"Gut, Heart",Heart,1,1,0,0,0,0,0,0,0,1,0,0,0,0,0,0,0,0,0,0,0,0,0,0,0,0,0,0,0,0,0,0,0,0,0,0,0,0
Walgreens Probiotic + Elderberry Gummies Raspberry & Lemon,Walgreens,Gut,Gut,1,1,0,0,0,0,0,0,0,0,0,0,0,0,0,0,0,0,0,0,1,0,0,0,0,0,0,0,0,0,0,0,0,0,0,0,0,0
Walgreens 24/7 Probiotic Capsules 28ea,Walgreens,Gut,Gut,4,4,1,0,1,1,0,0,0,0,0,0,0,0,0,0,0,0,0,0,0,1,0,0,0,0,0,0,0,0,0,0,0,0,0,0,0,0
"Walgreens Probiotic Gummies, Natural Strawberry ",Walgreens,Gut,Gut,1,1,0,0,0,0,0,0,0,0,0,0,0,0,0,0,0,0,0,0,1,0,0,0,0,0,0,0,0,0,0,0,0,0,0,0,0,0
Walgreens Women's Daily Probiotic 30ea,Walgreens,"Gut, Vaginal",Vaginal/Urinary,4,4,0,0,0,0,0,0,0,1,0,0,1,1,1,0,0,0,0,0,0,0,0,0,0,0,0,0,0,0,0,0,0,0,0,0,0,0
"Nature's Way Primadophilus Fortify Women's Probiotic 30 Billion, Vegetarian Capsules 30 ea",Nature's Way,"Gut, Vaginal, Urinary",Vaginal/Urinary,12,7,0,0,0,1,0,1,1,1,0,0,0,1,0,0,1,0,0,0,0,1,0,0,0,0,0,0,0,0,0,0,0,0,0,0,0,0
Walgreens microbiome probiotic once daily capsules,Walgreens,Gut,Gut,4,4,0,0,0,1,0,0,1,0,0,0,0,1,0,0,0,0,0,0,0,1,0,0,0,0,0,0,0,0,0,0,0,0,0,0,0,0
Walgreens Probiotic Chewables 10 Billion Active Cultures,Walgreens,Gut,Gut,2,2,0,0,0,1,0,0,0,1,0,0,0,0,0,0,0,0,0,0,0,0,0,0,0,0,0,0,0,0,0,0,0,0,0,0,0,0
TruBiotics  Women's Probitoic + collagen Sugar Free Gummies,TruBiotics,"Gut, Urinary, Hair, Skin, Nails",Skin,1,1,0,0,0,0,0,0,0,0,0,0,0,0,0,0,0,0,0,0,0,0,0,0,0,0,0,1,0,0,0,0,0,0,0,0,0,0
Culturelle Men's Daily Health Probiotic Capsules,Culturelle,"Muscle, Brain, Gut, Reproductive",Muscle,1,1,0,0,0,0,0,0,0,1,0,0,0,0,0,0,0,0,0,0,0,0,0,0,0,0,0,0,0,0,0,0,0,0,0,0,0,0
"Olly probiotic , juicy apple, 50 ea",Olly,Gut,Gut,2,2,0,0,0,0,0,0,0,0,0,0,0,0,0,0,0,0,0,0,1,0,0,0,0,0,0,1,0,0,0,0,0,0,0,0,0,0
Walgreens Super Probiotic Capsules,Walgreens,Gut,Gut,4,3,1,0,0,1,0,0,0,0,0,0,0,0,0,0,0,0,0,0,0,1,0,0,0,0,0,0,0,0,0,0,0,0,0,0,0,0
Walgreens Ultra Strength Probiotic Once-Daily,Walgreens,Gut,Gut,5,4,0,0,0,1,0,0,1,1,0,0,0,1,0,0,0,0,0,0,0,0,0,0,0,0,0,0,0,0,0,0,0,0,0,0,0,0
Nature's Bounty Chewable Probiotic Acidophilus with 1 Billion Live Cultures Strawberry,Nature's Bounty,Gut,Gut,2,2,0,0,0,1,0,0,0,0,0,0,0,0,0,0,0,0,0,0,0,1,0,0,0,0,0,0,0,0,0,0,0,0,0,0,0,0
Align Ultimate Gut Support Dailly Probiotic Supplement,Align,Gut,Gut,1,1,0,0,1,0,0,0,0,0,0,0,0,0,0,0,0,0,0,0,0,0,0,0,0,0,0,0,0,0,0,0,0,0,0,0,0,0
Walgreens Probiotic + Collagen Capsules,Walgreens,"Gut, Skin",Skin,2,2,0,0,0,1,0,0,0,1,0,0,0,0,0,0,0,0,0,0,0,0,0,0,0,0,0,0,0,0,0,0,0,0,0,0,0,0
Walgreens Healthy Balance Probiotic Once Daily Capsules,Walgreens,Gut,Gut,4,4,0,0,1,1,0,0,0,0,0,0,0,1,0,0,0,0,0,0,0,1,0,0,0,0,0,0,0,0,0,0,0,0,0,0,0,0
Walgreens Daily Probiotic Capsules,Walgreens,Gut,Gut,2,2,0,0,0,1,0,0,0,1,0,0,0,0,0,0,0,0,0,0,0,0,0,0,0,0,0,0,0,0,0,0,0,0,0,0,0,0
Walgreens Colon Support Probiotic,Walgreens,Gut,Gut,4,4,1,0,1,0,0,0,0,1,0,0,0,0,1,0,0,0,0,0,0,0,0,0,0,0,0,0,0,0,0,0,0,0,0,0,0,0
"Walgreens Prebiotic + Probiotic Gummies Natural Peach, Strawberry, & Mixed berry",Walgreens,Gut,Gut,1,1,0,0,0,0,0,0,0,0,0,0,0,0,0,0,0,0,0,0,1,0,0,0,0,0,0,0,0,0,0,0,0,0,0,0,0,0
Align Digestive Health Prebiotic + Probitoic Supplement Gummies Fruit,Align,Gut,Gut,1,1,0,0,0,0,0,0,0,0,0,0,0,0,0,0,0,0,0,0,1,0,0,0,0,0,0,0,0,0,0,0,0,0,0,0,0,0
Benefiber Probiotics and Previotic Fiber Gummies Assorted Fruit Flavors,Benefiber,Gut,Gut,1,1,0,0,0,0,0,0,0,0,0,0,0,0,0,0,0,0,0,0,1,0,0,0,0,0,0,0,0,0,0,0,0,0,0,0,0,0
Walgreens Super Greens + Probiotics Capsules (30 days),Walgreens,Gut,Gut,4,4,0,1,0,1,0,0,0,1,0,0,0,0,0,0,0,0,0,,0,0,0,1,0,0,0,0,0,0,0,0,0,0,0,0,0,0
"Olly adult multi + probitoic, Tropical",Olly,Gut,Gut,1,1,0,0,0,0,0,0,0,0,0,0,0,0,0,0,0,0,0,0,0,0,0,0,0,0,0,1,0,0,0,0,0,0,0,0,0,0
Walgreens Super Reds + Probiotics Capsules (30 days),Walgreens,Gut,Gut,4,4,0,1,0,1,0,0,0,1,0,0,0,0,0,0,0,0,0,0,0,0,0,1,0,0,0,0,0,0,0,0,0,0,0,0,0,0
Nature Made Ultra Strenght Digestive Probiotics Gummies Raspberry & Cherry,Nature Made,Gut,Gut,1,1,0,0,0,0,0,0,0,0,0,0,0,0,0,0,0,0,0,0,1,0,0,0,0,0,0,0,0,0,0,0,0,0,0,0,0,0
"Digestive Advantage Intensive Bowel Support Probiotics, Digestive Enzymes",Digestive Advantage,Gut,Gut,1,1,0,0,0,0,0,0,0,0,0,0,0,0,0,0,0,0,0,0,1,0,0,0,0,0,0,0,0,0,0,0,0,0,0,0,0,0
"Garden of Lifef Dr. Formulated Probiotics Mood Daily Care, 30 CT",Garden of Life,Gut,Gut,17,15,1,1,1,1,1,1,1,1,0,0,1,1,1,0,1,0,1,0,0,1,1,0,0,0,0,0,0,0,0,0,0,0,0,0,0,0
"New Chapter Women's Daily Probiotic, Vegan capsules",New Chapter,"Gut, Vaginal",Vaginal/Urinary,2,2,0,0,0,1,0,0,0,1,0,0,0,0,0,0,0,0,0,0,0,0,0,0,0,0,0,0,0,0,0,0,0,0,0,0,0,0
Culturelle Ultimate Balance for Antibiotic Probiotic for Kids Orange,Culturelle,Gut,Gut,1,1,0,0,0,0,0,0,0,1,0,0,0,0,0,0,0,0,0,0,0,0,0,0,0,0,0,0,0,0,0,0,0,0,0,0,0,0
"Culturelle Kids Immune Defense Probiotic Chewable Vitamin C, Vitamin D & Zinc + Elderberry",Culturelle,"Gut, Upper Respriatory",Respiratory,1,1,0,0,0,0,0,0,0,1,0,0,0,0,0,0,0,0,0,0,0,0,0,0,0,0,0,0,0,0,0,0,0,0,0,0,0,0
Garden of Life Dr. Formulated Digestive & Immune + Zinc,Garden of Life,Gut,Gut,14,13,1,1,1,1,0,1,1,1,0,0,0,1,1,0,1,1,0,0,0,1,1,0,0,0,0,0,0,0,0,0,0,0,0,0,0,0
Walgreens Probiotic + Fiber Capsules,Walgreens,Gut,Gut,2,2,0,0,0,1,0,0,0,0,0,0,0,0,0,0,0,0,0,0,0,1,0,0,0,0,0,0,0,0,0,0,0,0,0,0,0,0
"Florajen Digestion Refrigerated Probiotic, 15 Billion CFUs 30 ea",Florajen,Gut,Gut,5,3,0,0,1,1,0,0,0,0,0,0,0,0,0,0,0,0,0,0,0,1,0,0,0,0,0,0,0,0,0,0,0,0,0,0,0,0
"New Chapter Probiotic All-Flora, Vegan Capsules",New Chapter,Gut,Gut,3,3,0,1,0,0,0,0,1,0,0,0,0,0,0,0,0,0,0,0,0,0,0,1,0,0,0,0,0,0,0,0,0,0,0,0,0,0
"Up4 Probiotic + Previotic, Vitamin C, Berry Flavor, Gummies 60 ea",up4,Gut,Gut,2,2,0,0,0,0,0,0,0,0,0,0,0,0,0,0,0,0,0,0,1,0,0,0,0,0,0,1,0,0,0,0,0,0,0,0,0,0
Walgreens Free & Pure Probiotic Capsules,Walgreens,Gut,Gut,1,1,0,0,0,0,0,0,0,0,0,0,0,1,0,0,0,0,0,0,0,0,0,0,0,0,0,0,0,0,0,0,0,0,0,0,0,0
Garden of Life Dr. Formulated Probiotics Digestive & Stress 40 Billion CFU,Garden of Life,Gut,Gut,14,8,1,1,1,1,0,0,0,1,0,0,0,0,1,0,0,0,0,0,0,1,1,0,0,0,0,0,0,0,0,0,0,0,0,0,0,0
Wallgreens Daily Immunity Probiotic Capsules with Vitamin C 30ea,Walgreens,Gut,Gut,5,4,0,0,0,0,0,1,0,1,0,0,0,1,0,0,0,0,0,0,0,1,0,0,0,0,0,0,0,0,0,0,0,0,0,0,0,0
Garden of Life Dr. Formulated Women's Probiotic Gummies,Garden of Life,"Gut, Bone, Breast",Bone,2,2,0,0,0,0,0,0,0,0,0,0,0,0,0,0,0,0,0,0,1,0,0,0,0,0,0,1,0,0,0,0,0,0,0,0,0,0
Nature's Truth Ultimate Probiotic 25 Billion,Nature's Truth,Gut,Gut,14,14,1,1,1,1,1,1,1,1,0,1,0,1,1,0,1,0,1,0,0,1,0,0,0,0,0,0,0,0,0,0,0,0,0,0,0,0
Up4 Ultra High Potency Probiotic Vegan,up4,Gut,Gut,9,7,1,0,1,1,0,0,1,1,0,0,0,0,0,0,1,0,0,0,0,1,0,0,0,0,0,0,0,0,0,0,0,0,0,0,0,0
"Renew Life Women's Care Probiotic, 4-in-1, 50 billion",RenewLife,"Gut, Vaginal , Urinary",Vaginal/Urinary,12,10,0,0,0,1,0,1,1,1,1,0,0,1,0,0,0,0,1,1,0,1,1,0,0,0,0,0,0,0,0,0,0,0,0,0,0,0
Walgreens Mood & Stress Probiotic Capsules,Walgreens,Gut,Gut,4,4,0,1,1,0,0,0,0,0,0,0,1,1,0,0,0,0,0,0,0,0,0,0,0,0,0,0,0,0,0,0,0,0,0,0,0,0
Walgreens Probiotic + Vitamin C Once-Daily Packets,Walgreens,Gut,Gut,2,2,0,0,0,0,0,0,0,1,0,0,0,0,0,0,0,0,0,0,0,1,0,0,0,0,0,0,0,0,0,0,0,0,0,0,0,0
Florajen Acidophilus High Potency Probiotics-Supports Overall Health - 20 billion CFUs,Florajen,"Gut, Vaginal, Urinary",Vaginal/Urinary,1,1,0,0,0,1,0,0,0,0,0,0,0,0,0,0,0,0,0,0,0,0,0,0,0,0,0,0,0,0,0,0,0,0,0,0,0,0
Botanic Choice Probiotic Supreme,Botanic Choice,Gut,Gut,5,5,1,0,1,1,0,1,0,0,0,0,1,0,0,0,0,0,0,0,0,0,0,0,0,0,0,0,0,0,0,0,0,0,0,0,0,0
Botanic Choice Probiotic Advanced Essentials,Botanic Choice,Gut,Gut,6,6,1,0,1,1,0,0,1,1,0,0,0,0,0,0,0,0,0,1,0,0,0,0,0,0,0,0,0,0,0,0,0,0,0,0,0,0
Codeage Akkermansia municiphila probiotic supplement,Codeage,Gut,Gut,1,1,0,0,0,0,0,0,0,0,0,0,0,0,0,0,0,0,0,0,0,0,0,0,0,0,0,0,0,0,0,0,1,0,0,0,0,0
Walgreens Colon Support Probiotic Value,Walgreens,Gut,Gut,4,4,1,0,1,0,0,0,0,1,0,0,0,0,1,0,0,0,0,0,0,0,0,0,0,0,0,0,0,0,0,0,0,0,0,0,0,0
Trubiotics sugar-free gummies,TruBiotics,Gut,Gut,1,1,0,0,0,0,0,0,0,0,0,0,0,0,0,0,0,0,0,0,0,0,0,0,0,0,0,1,0,0,0,0,0,0,0,0,0,0
Florastor Daily Probiotic and Immune Support Supplement Capsules Unflavored,Florastor,Gut,Gut,1,1,0,0,0,0,0,0,0,0,0,0,0,0,0,0,0,0,0,0,0,0,0,1,0,0,0,0,0,0,0,0,0,0,0,0,0,0
Nature's Truth Raw Flora 50 Billions Women's Probiotic,Nature's Truth,Gut,Gut,19,17,1,1,1,1,1,1,1,1,0,1,0,1,1,1,1,0,1,1,0,0,0,0,1,1,0,0,0,0,0,0,0,0,0,0,0,0
Codeage SBO Probiotic 100 Billion CFU,Codeage,Gut,Gut,6,6,0,0,0,0,0,0,1,0,0,0,0,1,0,0,0,0,0,0,1,0,0,1,0,0,0,1,0,0,0,1,0,0,0,0,0,0
Codeage Women's SBO probiotic Fermented Botanicals,Codeage,Gut,Gut,18,18,1,1,1,1,1,1,1,1,0,0,1,1,1,1,0,0,0,0,1,1,0,1,1,0,0,1,0,0,0,0,0,1,0,0,0,0
Garden of Life Dr. Formulated Probiotics Daily Care,Garden of Life,Gut,Gut,13,14,1,1,1,1,1,1,1,1,0,0,0,1,1,0,1,0,1,0,0,1,1,0,0,0,0,0,0,0,0,0,0,0,0,0,0,0
Walgreens Probiotic + Turmeric Extract Capsules,Walgreens,Gut,Gut,1,1,0,0,0,0,0,0,0,0,0,0,0,0,0,0,0,0,0,0,1,0,0,0,0,0,0,0,0,0,0,0,0,0,0,0,0,0
Florastor Daily Probiotic and Prebiotic Supplement Capsules,Florastor,Gut,Gut,1,1,0,0,0,0,0,0,0,0,0,0,0,0,0,0,0,0,0,0,0,0,0,1,0,0,0,0,0,0,0,0,0,0,0,0,0,0
Florajen Women's Probiotic Gummy Urinary Tract Health Digestive and Immune Support,Florajen,"Gut, Urinary",Vaginal/Urinary,1,1,0,0,0,0,0,0,0,0,0,0,0,0,0,0,0,0,0,0,0,0,0,0,0,0,0,1,0,0,0,0,0,0,0,0,0,0
Nature's Truth Raw Flora 30 Billions Women's Probiotic,Nature's Truth ,Gut,Gut,18,18,1,1,1,1,1,1,1,1,0,1,0,1,1,1,1,0,1,1,0,1,0,0,1,1,0,0,0,0,0,0,0,0,0,0,0,0
hers digest debloat women's probiotic supplement,Hers,Gut,Gut,1,1,0,0,0,0,0,0,0,0,0,0,0,0,0,0,0,0,0,0,0,0,0,0,0,0,0,1,0,0,0,0,0,0,0,0,0,0
Hers Glow Skin Health Probiotic Supplement,Hers,"Gut, Skin",Skin,2,2,0,0,0,0,0,0,0,0,0,0,0,0,0,0,0,0,0,0,0,0,0,0,0,0,0,1,0,0,0,1,0,0,0,0,0,0
TruBiotics Daily Probiotic Supplement,TruBiotics,Gut,Gut,2,2,0,0,0,1,0,0,0,0,0,0,0,0,0,0,0,0,0,0,0,1,0,0,0,0,0,0,0,0,0,0,0,0,0,0,0,0
Trubiotics Adult Sugar Free Gummies,TruBiotics,Gut,Gut,1,1,0,0,0,0,0,0,0,0,0,0,0,0,0,0,0,0,0,0,0,0,0,0,0,0,0,1,0,0,0,0,0,0,0,0,0,0
Lifeable Probiotic 10 Billion CFU Digestive Health Gummies Berry,Lifeable,"Gut, Vaginal",Vaginal/Urinary,2,2,0,0,0,0,0,0,0,1,0,0,0,0,0,0,0,0,0,0,0,1,0,0,0,0,0,0,0,0,0,0,0,0,0,0,0,0
Walgreens Women's Probiotic Capsules,Walgreens,"Gut, Urinary, Bone ",Vaginal/Urinary,3,3,0,0,0,1,0,0,0,1,0,0,0,0,0,0,0,0,0,0,0,1,0,0,0,0,0,0,0,0,0,0,0,0,0,0,0,0
"Florajen Women's Refrigerated Probiotics, 15 Billion CFU",Florajen,"Gut, Vaginal",Vaginal/Urinary,3,2,0,0,0,1,0,0,0,1,0,0,0,0,0,0,0,0,0,0,0,0,0,0,0,0,0,0,0,0,0,0,0,0,0,0,0,0
Nature's Way Fortify Daily Extra Strength Probiotic + Prebiotics Vegetarian Capsules,Nature's Way,Gut,Gut,11,7,0,0,0,1,0,1,1,1,0,0,0,1,0,0,0,0,1,0,0,1,0,0,0,0,0,0,0,0,0,0,0,0,0,0,0,0
Nature's Way Fortify Women's 50 Billion Probiotic Vegetable Capsules,Nature's Way,"Gut, Vaginal",Vaginal/Urinary,11,7,0,0,0,1,0,1,1,1,0,0,0,1,0,0,1,0,0,0,0,1,0,0,0,0,0,0,0,0,0,0,0,0,0,0,0,0
"Culturelle Advanced regularity daily probiotic for Women & Men, Probiotic + Prebiotic Fiber",Culturelle,Gut,Gut,3,2,0,0,0,0,0,0,0,1,0,0,0,1,0,0,0,0,0,0,0,0,0,0,0,0,0,0,0,0,0,0,0,0,0,0,0,0
BioSchwartz Advanced Strength Prebiotic + Probiotic Veggie Capsules Plus Whole Food Enzymes,BioSchwartz,Gut,Gut,10,10,1,0,1,1,1,1,1,1,0,0,0,1,0,0,0,0,0,1,0,1,0,0,0,0,0,0,0,0,0,0,0,0,0,0,0,0
Botanic Choice Acidophilus,Botanic Choice,Gut,Gut,1,1,0,0,0,1,0,0,0,0,0,0,0,0,0,0,0,0,0,0,0,0,0,0,0,0,0,0,0,0,0,0,0,0,0,0,0,0
Botanic Choice Acidophilus Plus,Botanic Choice,Gut,Gut,1,1,0,0,0,1,0,0,0,0,0,0,0,0,0,0,0,0,0,0,0,0,0,0,0,0,0,0,0,,,,,,0,0,0,0
Walgreens Probiotic Acidophilus Capsules,Walgreens,Gut,Gut,1,1,0,0,0,1,0,0,0,0,0,0,0,0,0,0,0,0,0,0,0,0,0,0,0,0,0,0,0,0,0,0,0,0,0,0,0,0
"Nutrition Now PB8, Probiotic acidophilus",Nutrition Now,Gut,Gut,5,5,1,0,1,1,0,1,0,1,0,0,0,0,0,0,0,0,0,0,0,0,0,0,0,0,0,0,0,0,0,0,0,0,0,0,0,0
"Enzymatic Therapy Acidophilus Pearls Probiotics, Capsules ",Enzymatic Therapy,Gut,Gut,2,2,0,0,1,1,0,0,0,0,0,0,0,0,0,0,0,0,0,0,0,0,0,0,0,0,0,0,0,0,0,0,0,0,0,0,0,0
Cardiotabs Advanced Formula Probiotic,Cardiotabs,"Gut, Heart",Heart,13,13,1,1,1,1,0,1,1,1,0,0,0,1,1,0,1,0,1,1,0,1,0,0,0,0,0,0,0,0,0,0,0,0,0,0,0,0
Her Own Probiotic Gummy Berry,HerOwn,Gut,Gut,4,4,1,0,0,1,0,1,1,0,0,0,0,0,0,0,0,0,0,0,0,0,0,0,0,0,0,0,0,0,0,0,0,0,0,0,0,0
Codeage SBO Probiotic Fermented Botanicals,Codeage,Gut,Gut,6,6,0,0,0,0,0,0,1,0,0,0,0,1,0,0,0,0,0,0,1,0,0,1,0,0,0,1,0,0,0,1,0,0,0,0,0,0
Codeage Men's Fermented Multivitamin Probiotic,Codeage,Gut,Gut,2,2,1,0,0,0,1,0,0,0,0,0,0,0,0,0,0,0,0,0,0,0,0,0,0,0,0,0,0,0,0,0,0,0,0,0,0,0
Codeage Skin Probiotic +,Codeage,"Gut, Skin",Skin,19,18,1,0,1,1,1,1,1,1,0,0,1,1,1,1,0,0,0,0,1,1,0,1,1,0,0,1,0,0,0,1,0,1,0,0,0,0
"Irwin Naturals Active-Cleanse & Probiotics, Soft-Gels",Irwin Naturals,Gut,Gut,1,1,0,0,0,0,0,0,0,0,0,0,0,0,0,0,0,0,0,0,1,0,0,0,0,0,0,0,0,0,0,0,0,0,0,0,0,0
Mommy's Bliss Prenatal Multivitamin + Probiotics Capsule ,Mommy's Bliss,Gut,Gut,1,1,0,0,0,0,0,0,0,0,0,0,0,0,0,0,0,0,0,0,1,0,0,0,0,0,0,0,0,0,0,0,0,0,0,0,0,0
Vitafusion Fiber Well + Probiotics Gummies for Adults,Vitafusion,Gut,Gut,1,1,0,0,0,0,0,0,0,0,0,0,0,0,0,0,0,0,0,0,1,0,0,0,0,0,0,0,0,0,0,0,0,0,0,0,0,0
"VH essentials probiotics with prebiotics and cranberry feminine health supplement, 60 capsules, for females",vH essentials,"Vaginal, Urinary, ",Vaginal/Urinary,3,2,0,0,0,1,0,0,0,1,0,0,0,0,0,0,0,0,0,0,0,0,0,0,0,0,0,0,0,0,0,0,0,0,0,0,0,0
"Culturelle Kids Probiotic + Fiber, Probiotic Supplement for Kids 3+ Months, 24 Packets",Culturelle,Gut,Gut,1,1,0,0,0,0,0,0,0,1,0,0,0,0,0,0,0,0,0,0,0,0,0,0,0,0,0,0,0,0,0,0,0,0,0,0,0,0
"Culturelle Baby Digestive Calm + Comfort Probiotic and Chamomile Drops, 0-12 month",Culturelle,Gut,Gut,2,2,0,0,0,0,0,0,0,1,0,0,0,0,0,0,0,0,0,0,0,1,0,0,0,0,0,0,0,0,0,0,0,0,0,0,0,0
"MaryRuth Organics Liquid Probiotic for Adults & Kids, Unflavored 2 fl oz",MaryRuth,Gut,Gut,12,12,1,1,1,1,0,0,1,1,1,1,0,0,0,0,1,0,0,0,1,1,1,0,0,0,0,0,0,0,0,0,0,0,0,0,0,0
"Physician's Choice Women's Probiotic 50 Billion CFU Capsules, 30 ct",Physician's Choice,"Gut, Urinary",Vaginal/Urinary,7,6,0,0,0,1,0,1,1,0,0,0,0,1,1,0,0,0,0,0,0,1,0,0,0,0,0,0,0,0,0,0,0,0,0,0,0,0
"Culturelle Kids Probiotic with Veggie Fiber, 1 Billion CFUs Gummies, Berry Blast, 60 Count",Culturelle,Gut,Gut,2,2,0,0,0,0,0,0,0,0,0,0,0,0,0,0,0,0,0,0,1,0,0,0,0,0,0,1,0,0,0,0,0,0,0,0,0,0
"Spring Valley Probiotic Acidophilus Dietary Supplement, 30 count",Spring Valley,Gut,Gut,1,1,0,0,0,1,0,0,0,0,0,0,0,0,0,0,0,0,0,0,0,0,0,0,0,0,0,0,0,0,0,0,0,0,0,0,0,0
"Benefiber Dual Action Biotic Prebiotic and Probiotic Fiber Supplement for Stress Relief, 18 Count Stick Packs",Benefiber,Gut,Gut,1,1,0,0,0,0,0,0,0,0,0,0,0,0,0,0,0,0,0,0,1,0,0,0,0,0,0,0,0,0,0,0,0,0,0,0,0,0
"Nature's Way Fortify Women's Extra Strength Probiotic Capsules 50 Billion Live Probiotics, 30 Count",Nature's Way,"Gut, Vaginal",Vaginal/Urinary,10,6,0,0,0,1,0,1,1,1,0,0,0,1,0,0,0,0,0,0,0,1,0,0,0,0,0,0,0,0,0,0,0,0,0,0,0,0
"MaryRuth Organics Cocomelon Toddler Probiotic Liquid Drops, Organic 1fl oz",MaryRuth,Gut,Gut,4,4,1,0,0,0,0,0,0,0,0,0,0,0,0,0,0,0,0,1,0,1,1,0,0,0,0,0,0,0,0,0,0,0,0,0,0,0
"Force Factoer ProbioSlim Extra Strength Probiotic Supplement, 30 Billion CFU, 120 Capsules",Force Factor,Gut,Gut,7,7,1,0,1,1,0,0,1,1,0,0,0,0,0,0,0,0,0,0,1,1,0,0,0,0,0,0,0,0,0,0,0,0,0,0,0,0
Parent's Choice Colic Drops Probiotic Supplement Birth+,Parent's Choice,Gut,Gut,1,1,0,0,0,0,0,0,0,0,0,0,0,0,0,0,0,0,0,1,0,0,0,0,0,0,0,0,0,0,0,0,0,0,0,0,0,0
"VitaHustle Prebiotic+Probiotic Gummy Supplement, 500 CFU Berry Flavor, 50 Count",VitaHustle,Gut,Gut,1,1,0,0,0,0,0,0,0,0,0,0,0,0,0,0,0,0,0,0,1,0,0,0,0,0,0,0,0,0,0,0,0,0,0,0,0,0
"Zenwise No Bloat, Probiotics Digestive Enzymes Herbal Supplement, 48 ct, Gas & Bloat Releif",Zenwise,Gut,Gut,1,1,0,0,0,0,0,0,0,0,0,0,0,0,0,0,0,0,0,0,0,0,0,0,0,0,0,1,0,0,0,0,0,0,0,0,0,0
"Physician's Choice Vaginal Probiotics for Women - Licorice Root, PH Balance, Odor Control, Yeast, Vaginal Microbiome Health - 6B CFU, Prebiotic, Cranberry - 30 Counts",Physician's Choice,"Vaginal, Urinary, ",Vaginal/Urinary,3,3,0,0,0,0,0,0,0,0,0,0,0,0,0,0,0,0,0,0,0,0,0,0,1,0,1,0,0,0,0,0,0,0,1,0,0,0
Renew Life - Ultimate Flora Probiotic Extra Care - 30 Billion - 30 vegetable capsules,Renew Life,Gut,Gut,11,11,1,1,1,1,1,1,1,1,0,0,0,1,0,0,1,0,0,0,0,1,0,0,0,0,0,0,0,0,0,0,0,0,0,0,0,0
"L'il Critters Probiotic Daily Gummy Supplement for Kids, for Digestive Health Support, Grape, Cherry and Orange Flavors, 60 Gummies",L'il Critters,Gut,Gut,1,1,0,0,0,0,0,0,0,0,0,0,0,0,0,0,0,0,0,0,1,0,0,0,0,0,0,0,0,0,0,0,0,0,0,0,0,0
"Mommy's Bliss Baby Probiotic Drops, 0.34 fl oz",Mommy's Bliss,Gut,Gut,1,1,0,0,0,0,0,0,0,1,0,0,0,0,0,0,0,0,0,0,0,0,0,0,0,0,0,0,0,0,0,0,0,0,0,0,0,0
"Vitafusion Probiotic Gummy Supplements, Raspberry, Peach and Mango Flavored Probiotic Nutritional Supplements, 70 Count",Vitafusion,Gut,Gut,2,2,0,0,0,0,0,0,0,0,0,0,0,0,0,0,0,0,0,0,1,0,0,0,0,0,0,1,0,0,0,0,0,0,0,0,0,0
"Equate Children's Probiotic Dietary Supplement Tablets, Berry, 30 Count",Equate,Gut,Gut,2,2,0,0,0,0,0,0,1,1,0,0,0,0,0,0,0,0,0,0,0,0,0,0,0,0,0,0,0,0,0,0,0,0,0,0,0,0
"AZO Dual Protection Urinary and Vaginal Support, Prebiotic and Probiotic Blend, 30 Count",AZO,"Vaginal, Urinary, ",Vaginal/Urinary,4,3,0,0,0,0,0,0,0,1,0,0,0,0,1,0,0,0,0,0,0,0,0,0,0,1,0,0,0,0,0,0,0,0,0,0,0,0
"Garden of Life Dr. Formulated Feminine pH Daily Care Probiotic, 40 Billino CFU from 13 Probiotic Strains - Yeast & Bacteria Balance, Healthy pH, 3x Formula - 30 Capsules 1 month supply",Garden of Life,"Gut, Vaginal",Gut,13,12,0,1,1,1,0,1,1,1,0,0,0,1,1,0,1,0,1,1,0,1,0,0,0,0,0,0,0,0,0,0,0,0,0,0,0,0
"AZO Dual Protection Urinary and Vaginal Support, Prebiotic and Probiotic Blend, 14 Count",AZO,"Vaginal, Urinary, ",Gut,4,4,0,0,0,0,0,0,0,1,0,0,0,0,1,0,0,0,0,0,0,0,0,0,1,1,0,0,0,0,0,0,0,0,0,0,0,0
"Garden of Life Kids Multivitamin + Probiotics Gummy for Digestive Support - Orange, 90 Gummies",Garden of Life,"Gut, Bones",Bone,1,1,0,0,0,0,0,0,0,0,0,0,0,0,0,0,0,0,0,0,0,0,0,0,0,0,0,1,0,0,0,0,0,0,0,0,0,0
"Enfamil Dual Probiotics Vitamin Drops, Supports Baby's Immune & Digestive Health, 8.7 mL bottle",Enfamil,Gut,Gut,2,2,0,0,0,0,0,0,0,1,0,0,0,0,0,0,0,0,0,0,0,1,0,0,0,0,0,0,0,0,0,0,0,0,0,0,0,0
"AZO Vaginal Health Probiotic Supplement Capsules for Female Balance, 14 Count",AZO,"Urinary, Vaginal",Vaginal/Urinary,4,4,0,0,0,0,0,0,0,1,0,0,0,0,1,0,0,0,0,0,0,0,0,0,1,1,0,0,0,0,0,0,0,0,0,0,0,0
"Nature's Way Max Potency Probiotic Pearls Softgels, 5 billion live cultures, Unisex, 30ct",Nature's Way,Gut,Gut,4,3,0,0,0,1,0,0,1,0,0,0,0,0,0,0,0,0,0,0,0,1,0,0,0,0,0,0,0,0,0,0,0,0,0,0,0,0
Garden of Life Gas & Bloating Releif Probiotic Capsules,Garden of Life,Gut,Gut,15,12,1,1,1,1,0,1,1,1,0,0,0,1,1,0,1,0,1,0,0,1,0,0,0,0,0,0,0,0,0,0,0,0,0,0,0,0
"Spring Valley High Potency Probiotic Gummies, 10B CFU, strawberry lemonade, 60 count, unisex",Spring Valley,Gut,Gut,1,1,0,0,0,0,0,0,0,0,0,0,0,0,0,0,0,0,0,0,0,0,0,0,0,0,0,1,0,0,0,0,0,0,0,0,0,0
"Culturelle Baby Immune & Digestive Support Probiotic + Vitamin D Drops, 9 mL",Culturelle,Gut,Gut,2,2,0,0,0,0,0,0,0,1,0,0,0,0,0,0,0,0,0,0,0,1,0,0,0,0,0,0,0,0,0,0,0,0,0,0,0,0
"Spring Valley Synbiotic Digestive Health Gummies for Adults, Raspberry Flavor, 60 Count, Unisez",Spring Valley,Gut,Gut,2,2,0,0,0,0,0,0,1,0,0,0,0,0,0,0,0,0,0,0,1,0,0,0,0,0,0,0,0,0,0,0,0,0,0,0,0,0
"Orgain Vegan Organic Greens & 50 Superfoods Powder - 1B Probiotics, Original Flavor 0.62 lb",Orgain,Gut,Gut,1,1,0,0,0,0,0,0,0,0,0,0,0,0,0,0,0,0,0,0,1,0,0,0,0,0,0,0,0,0,0,0,0,0,0,0,0,0
"Physician's Choice Prebiotic Probiotic for Men and Women, 30 Count",Physician's Choice,Gut,Gut,3,3,0,0,0,1,0,1,0,0,0,0,0,1,0,0,0,0,0,0,0,0,0,0,0,0,0,0,0,0,0,0,0,0,0,0,0,0
"Equate Daily Probiotic 60 Billion, 30 Count Vegetarian Capsules, Unisex",Equate,Gut,Gut,10,10,1,1,1,1,1,1,1,0,0,0,0,1,0,0,1,0,0,0,0,1,0,0,0,0,0,0,0,0,0,0,0,0,0,0,0,0
"Amazing Grass Greens Blend Mood: Super Greeens Powder Smoothie Mix with Organic Spirulina, Chlorella, Beet Root Powder, Digestive Enzymes & Probiotics, 30 Servings Passionfruit Citrus",Amazing Grass,Gut,Gut,1,1,0,0,0,0,0,0,0,0,0,0,0,0,0,0,0,0,0,0,0,0,0,0,0,0,0,1,0,0,0,0,0,0,0,0,0,0
"Align Probiotic Gummies, Digestive De-stress & Ashwagandha, Dietary Supplement, Unisex, 50 count",Align,Gut,Gut,1,1,0,0,0,0,0,0,0,0,0,0,0,0,0,0,0,0,0,0,1,0,0,0,0,0,0,0,0,0,0,0,0,0,0,0,0,0
"Spring Valley Zero Sugar Kid's 1 Billion CFU Probiotic Gummy, 60 Vegetarian Gummies",Spring Valley,Gut,Gut,1,1,0,0,0,0,0,0,0,0,0,0,0,0,0,0,0,0,0,0,1,0,0,0,0,0,0,0,0,0,0,0,0,0,0,0,0,0
"Nature's Bounty Ultra Strength Probiotic 10 Digestive Health Capsules, 60 CT",Nature's Bounty,Gut,Gut,10,8,0,0,0,1,1,1,1,0,0,0,0,1,0,0,1,0,1,0,0,1,0,0,0,0,0,0,0,0,0,0,0,0,0,0,0,0
"Love Wellness, Good Girl Vaginal Probiotics for Women, Supports & Maintains Vaginal Flora, Dairy & Gluten - Free, 30 Capsules",Love Wellness,"Vaginal, Urinary, ",Vaginal/Urinary,9,9,0,0,0,1,0,1,1,1,0,0,0,1,1,0,1,0,1,0,0,0,0,0,0,0,0,1,0,0,0,0,0,0,0,0,0,0
"Peptiva Daily Probiotic, 25 Billion CFU, Multi-Strain Probiotics, 30 Count",Peptiva,Gut,Gut,4,3,1,0,0,1,0,0,0,0,0,0,0,0,0,0,0,0,0,0,0,1,0,0,0,0,0,0,0,0,0,0,0,0,0,0,0,0
"Nature's Way complete Probiotic Pearls Softgels, 1 Billion Live Cultures, Unisex 30 ct",Nature's Way,Gut,Gut,6,6,1,1,1,1,0,0,0,1,0,0,0,0,0,0,0,0,0,0,0,1,0,0,0,0,0,0,0,0,0,0,0,0,0,0,0,0
"Force Factoer ProbioSlim Extra Strength Probiotic Supplement, 30 Billion CFU, 60 Capsules",Force Factor,Gut,Gut,7,7,1,0,1,1,0,0,1,1,0,0,0,0,0,0,0,0,0,0,1,1,0,0,0,0,0,0,0,0,0,0,0,0,0,0,0,0
"Goli Nutrition Supergreens Gummies, Super Green and Probiotic Blend Dietary Supplement, 60 Count",Goli,Gut,Gut,1,1,0,0,0,0,0,0,0,0,0,0,0,0,0,0,0,0,0,0,0,0,0,0,0,0,0,1,0,0,0,0,0,0,0,0,0,0
"Love Wellness Flora Power Feminine Deodorant Probiotic Suppositories for Balanced Vaginal Bacteria & Odor, 10 ct",Love Wellness,Vaginal,Vaginal/Urinary,3,3,0,0,0,1,0,0,1,0,0,0,0,0,0,1,0,0,0,0,0,0,0,0,0,0,0,0,0,0,0,0,0,0,0,0,0,0
"Pink Stork Baby Probiotic Drops: Infant Probiotic Drops for Baby, Digestion & Gas Releif, 1fl oz",Pink Stork,Gut,Gut,1,1,0,0,0,0,0,0,0,1,0,0,0,0,0,0,0,0,0,0,0,0,0,0,0,0,0,0,0,0,0,0,0,0,0,0,0,0
"Spring Valley Daily Probiotic Dietary Supplement, 30 Vegetarian Capsules",Spring Valley,Gut,Gut,10,10,1,1,1,1,0,1,1,1,1,1,0,1,0,0,0,0,0,0,0,0,0,0,0,0,0,0,0,0,0,0,0,0,0,0,0,0
"Mary Ruth Organics Infant Probiotic Liquid Drops, Organic 1 fl oz",MaryRuth,Gut,Gut,4,4,1,0,0,0,0,0,0,0,0,0,0,0,0,0,0,0,0,1,0,1,1,0,0,0,0,0,0,0,0,0,0,0,0,0,0,0
"Spring Valley Probiotic Multi-Enzyme Digestive Formula Tablets, 200 Count",Spring Valley,Gut,Gut,1,1,0,0,0,1,0,0,0,0,0,0,0,0,0,0,0,0,0,0,0,0,0,0,0,0,0,0,0,0,0,0,0,0,0,0,0,0
"Equate 3-in-1 Daily Probiotic Dietary Supplement Gummies, Natural Fruit Flavors, 60 Count, unisex",Equate,Gut,Gut,1,1,0,0,0,0,0,0,0,0,0,0,0,0,0,0,0,0,0,0,1,0,0,0,0,0,0,0,0,0,0,0,0,0,0,0,0,0
"Spring Valley Extra Strength Age 5-+ Probiotic with Prebiotic Dietary Supplement Delayed Release Vegetarian Capsules for Digestive Health, 30 Count",Spring Valley,Gut,Gut,11,9,1,1,1,1,0,0,1,1,0,0,0,1,0,0,0,0,0,0,0,1,1,0,0,0,0,0,0,0,0,0,0,0,0,0,0,0
"Spring Valley Inulin Probiotic Supplement Vegetarian Gummies, Assorted Fruit, 60 Count",Spring Valley,Gut,Gut,1,1,0,0,0,0,0,0,0,0,0,0,0,0,0,0,0,0,0,0,1,0,0,0,0,0,0,0,0,0,0,0,0,0,0,0,0,0
"Spring Valley Women's Probiotic Dietary Supplement, 30 Count",Spring Valley,"Gut, Urinary, ",Vaginal/Urinary,8,7,1,0,1,1,0,0,0,1,0,1,0,1,0,0,0,0,0,1,0,0,0,0,0,0,0,0,0,0,0,0,0,0,0,0,0,0
"Spring Valley Extra Strength Probiotic Vegetable Capsules, 10B CFU 60 Ct",Spring Valley,Gut,Gut,10,10,1,1,1,1,0,1,1,1,1,1,0,1,0,0,0,0,0,0,0,0,0,0,0,0,0,0,0,0,0,0,0,0,0,0,0,0
"Spring Valley Probiotic Acidophilus Dietary Supplement, 100 count",Spring Valley,Gut,Gut,1,1,0,0,0,1,0,0,0,0,0,0,0,0,0,0,0,0,0,0,0,0,0,0,0,0,0,0,0,0,0,0,0,0,0,0,0,0
"Spring Valley Women's Cranberry Probiotic Supplement Vegetarian Gummies, Raspberry lemon, 60 count",Spring Valley,"Gut, Urinary",Vaginal/Urinary,1,1,0,0,0,0,0,0,0,0,0,0,0,0,0,0,0,0,0,0,1,0,0,0,0,0,0,0,0,0,0,0,0,0,0,0,0,0
"Baby Ddrops Probiotic Liquid Drops with Ddrops Vitamin D, 0.07 fl oz",Ddrops,Gut,Gut,2,2,0,0,0,0,0,0,0,1,0,0,0,0,0,0,0,0,0,0,0,1,0,0,0,0,0,0,0,0,0,0,0,0,0,0,0,0
"Spring Valley Extra Strength Probiotic Vegetable Capsules, 10B CFU 30 Ct",Spring Valley,Gut,Gut,10,10,1,1,1,1,0,1,1,1,1,1,0,1,0,0,0,0,0,0,0,0,0,0,0,0,0,0,0,0,0,0,0,0,0,0,0,0
"Spring Valley Women's Probiotic Dietary Supplement, 60 Count",Spring Valley,"Gut, Urinary, ",Vaginal/Urinary,8,7,1,0,1,1,0,0,0,1,0,1,0,1,0,0,0,0,0,1,0,0,0,0,0,0,0,0,0,0,0,0,0,0,0,0,0,0
"Spring Valley Daily Probiotic Dietary Supplement, 60 Vegetarian Capsules",Spring Valley,Gut,Gut,10,10,1,1,1,1,0,1,1,1,1,1,0,1,0,0,0,0,0,0,0,0,0,0,0,0,0,0,0,0,0,0,0,0,0,0,0,0
"Physician's Choice 60 Billion Probiotic, for Women & Men, 60 Count Digestive & Gut Health",Physician's Choice,Gut,Gut,10,10,1,1,1,1,1,1,1,0,0,0,0,1,0,0,1,0,0,0,0,1,0,0,0,0,0,0,0,0,0,0,0,0,0,0,0,0
"Equate Probiotic Supplement Digestive System Support Delayed Release Capsules, 50 Count",Equate,Gut,Gut,2,2,0,0,0,1,0,0,0,1,0,0,0,0,0,0,0,0,0,0,0,0,0,0,0,0,0,0,0,0,0,0,0,0,0,0,0,0
"Digestive Advantage Daily Probiotics Gummies for Women's & Men's Digestive & Gut Health, Bloading Assorted Fruit 60 ea",Digestive Advantage,Gut,Gut,1,1,0,0,0,0,0,0,0,0,0,0,0,0,0,0,0,0,0,0,1,0,0,0,0,0,0,0,0,0,0,0,0,0,0,0,0,0
"Equate Extra Care Probiotic Capsules, Delayed Release, 50 Count ",Equate,Gut,Gut,10,10,0,1,1,1,1,1,1,1,0,0,0,1,0,0,0,0,1,0,0,1,0,0,0,0,0,0,0,0,0,0,0,0,0,0,0,0
"Equate Digestive Probiotic Supplement Delayed-Release Capsules, Unisex, 28 Count",Equate,Gut,Gut,4,4,1,0,1,1,0,0,0,0,0,0,0,0,0,0,0,0,0,0,0,1,0,0,0,0,0,0,0,0,0,0,0,0,0,0,0,0
"Digestive Advantage Daily Probiotics For Women And Men, Supports Gut Health, 60 Capsules",Digestive Advantage,Gut,Gut,1,1,0,0,0,0,0,0,0,0,0,0,0,0,0,0,0,0,0,0,1,0,0,0,0,0,0,0,0,0,0,0,0,0,0,0,0,0
"BIOHM Total Gut Probiotic with Digestive Enzymes, 1 Each, 30 Count (Unisex)",BIOHM,Gut,Gut,4,4,0,1,0,1,0,0,0,1,0,0,0,0,0,0,0,0,0,0,0,0,0,1,0,0,0,0,0,0,0,0,0,0,0,0,0,0
"Spring Valley Advanced Digestive Enzymes, 60 Count",Spring Valley,Gut,Gut,5,5,1,0,0,1,0,0,1,0,0,0,0,1,0,0,0,0,0,0,0,0,0,0,0,0,0,1,0,0,0,0,0,0,0,0,0,0
"Garden of Life Dr. Formulated Fiber Plus Magnesium & Probiotics Gummies - with 5g of Plant Based Prebiotic Fiber for Digestion & Regularity - No Sugar Added, Orange Flavored 72 ct.",Garden of Life,Gut,Gut,2,2,0,0,0,0,0,0,0,0,0,0,0,0,0,0,0,0,0,0,1,0,0,0,0,0,0,1,0,0,0,0,0,0,0,0,0,0
"NOW Supplements, Probiotic-10, 25 Billion, with 10 Probiotic Strains, Dairy, Soy and Gluten Free, Strain Verified, 100 Veg Capsules",NOW,Gut,Gut,10,10,0,1,1,1,0,1,1,1,0,1,0,1,0,0,1,0,0,0,0,1,0,0,0,0,0,0,0,0,0,0,0,0,0,0,0,0
"Renew Life Women's Care Cherry Prebiotic and Probiotic Supplement Gummies, Vegan, 2 Billion CFU, 48 Gummies",Renew Life,"Gut, Urinary",Vaginal/Urinary,2,2,0,0,0,0,0,0,0,0,0,0,0,0,0,0,0,0,0,0,1,0,0,0,0,0,0,1,0,0,0,0,0,0,0,0,0,0
"Nature's Way Fortify Women's Daily Probiotic Capsules, 30 Billion CFU, 10 Strains, 30 Count",Nature's Way,"Vaginal, Gut",Vaginal/Urinary,10,5,0,0,0,1,0,1,0,1,0,0,0,1,0,0,0,0,0,0,0,1,0,0,0,0,0,0,0,0,0,0,0,0,0,0,0,0
"Force Factor ProbioSlim Probiotic and Weight Loss Supplement with Probiotics, 120 Capsules",Force Factor,Gut,Gut,1,1,0,0,0,0,0,0,0,0,0,0,0,0,0,0,0,0,0,0,1,0,0,0,0,0,0,0,0,0,0,0,0,0,0,0,0,0
"Renew Life Adult 50+ Probiotic Supplement Capsules, Unisex, 30 Billino CFU, 30 Count",Renew Life,Gut,Gut,12,9,0,0,0,1,0,1,1,1,1,0,0,1,0,0,0,0,1,0,0,1,1,0,0,0,0,0,0,0,0,0,0,0,0,0,0,0
"Nature's Way Fortify Adults 50+ Daily Probiotic Capsules, 30 Billion Live Cultures, Unisex, 30 count",Nature's Way,Gut,Gut,10,6,1,0,1,1,0,0,1,0,0,0,0,1,0,0,0,0,0,0,0,1,0,0,0,0,0,0,0,0,0,0,0,0,0,0,0,0
"Digestive advantage Daily Probiotics with Apple Cider Vinegar For Women And Men, Apple Flavor, 60 Gummies",Digestive Advantage,Gut,Gut,1,1,0,0,0,0,0,0,0,0,0,0,0,0,0,0,0,0,0,0,0,0,0,0,0,0,0,1,0,0,0,0,0,0,0,0,0,0
"Culturelle Women's 4-in-1 Daily Probiotic Supplements, 30 Count",Culturelle,"Vaginal, Gut, Urinary",Vaginal/Urinary,5,4,0,0,0,0,0,0,0,1,0,0,0,0,1,0,0,0,0,0,0,0,0,0,1,1,0,0,0,0,0,0,0,0,0,0,0,0
Culturelle Ultimate Strength Probiotic Capsules,Culturelle,Gut,Gut,1,1,0,0,0,0,0,0,0,1,0,0,0,0,0,0,0,0,0,0,0,0,0,0,0,0,0,0,0,0,0,0,0,0,0,0,0,0
"Equate Womens' Care Daily Probiotic Delayed Release Vegetarian Capsules, 30 count",Equate,"Vaginal, Gut",Vaginal/Urinary,16,15,1,1,1,1,1,0,1,1,0,0,0,1,1,1,1,0,1,1,0,1,1,0,0,0,0,0,0,0,0,0,0,0,0,0,0,0
"Nouri Weight Health Probiotic & Omega Capsules, Unisex, 30 Day Supply",Nouri,Gut,Gut,3,3,0,0,0,0,0,0,1,1,0,0,0,0,1,0,0,0,0,0,0,0,0,0,0,0,0,0,0,0,0,0,0,0,0,0,0,0
"One A Day TruBiotics, Daily Probiotic Supplement for Digestive Health, 30-Capsule Box",TruBiotics,Gut,Gut,2,2,0,0,0,1,0,0,0,0,0,0,0,0,0,0,0,0,0,0,0,1,0,0,0,0,0,0,0,0,0,0,0,0,0,0,0,0
"Force Factor ProbioSlim Apple Cider Vinegar Gummies Supplement,  60 Gummies",Force Factor,Gut,Gut,1,1,0,0,0,0,0,0,0,0,0,0,0,0,0,0,0,0,0,0,1,0,0,0,0,0,0,0,0,0,0,0,0,0,0,0,0,0
"Digestive Advantage Gas Defense Probiotics for Women and Men, Digestive Enzymes For Gut Health, 32 capsules",Digestive Advantage,Gut,Gut,1,1,0,0,0,0,0,0,0,0,0,0,0,0,0,0,0,0,0,0,1,0,0,0,0,0,0,0,0,0,0,0,0,0,0,0,0,0
"Spring Valley Kids Inulin Probiotic Supplement Vegetarian Gummies,  Assorted Fruit, 60 Count",Spring Valley,Gut,Gut,1,1,0,0,0,0,0,0,0,0,0,0,0,0,0,0,0,0,0,0,1,0,0,0,0,0,0,0,0,0,0,0,0,0,0,0,0,0
"Olly Probiotic + Previotic Vitamin 60 CT, Peachy Peach",Olly,Gut,Gut,1,1,0,0,0,0,0,0,0,0,0,0,0,0,0,0,0,0,0,0,1,0,0,0,0,0,0,0,0,0,0,0,0,0,0,0,0,0
"Equate Digestive Probiotic Supplement Delayed-Release Capsules, Unisex, 56 Count",Equate,Gut,Gut,4,4,1,0,1,1,0,0,0,0,0,0,0,0,0,0,0,0,0,0,0,1,0,0,0,0,0,0,0,0,0,0,0,0,0,0,0,0
"Nouri Menopause Health Probiotic with Omega and Rservatrol Vegan Capsules, 30  Day Supply",Nouri,"Gut, Brain",Gut,3,3,0,0,0,0,0,0,0,0,0,0,0,0,0,0,0,0,0,0,0,0,0,0,0,0,0,0,1,0,1,0,0,0,0,1,0,0
Garden of Life Dr. Formulated Probiotics Digestive & Immune Care with Zinc 30 ct Capsules,Garden of Life,Gut,Gut,14,11,1,1,1,1,0,1,1,1,0,0,0,0,1,0,1,0,0,0,0,1,1,0,0,0,0,0,0,0,0,0,0,0,0,0,0,0
"BIOHM Digestive Reds Powder, Probiotics, Red Berry Flavor, 7.4 oz, 30 Servings (unisex)",BIOHM,Gut,Gut,4,4,0,1,0,1,0,0,0,0,0,0,0,0,0,0,0,0,0,0,0,0,0,1,0,0,1,0,0,0,0,0,0,0,0,0,0,0
"BelliWelli Daily Fiber Supplement with Probiotics, Electrolytes and Collagen - Tropical Breeze, 6.4 oz",BelliWelli,Gut,Gut,1,1,0,0,0,0,0,0,0,0,0,0,0,0,0,0,0,0,0,0,1,0,0,0,0,0,0,0,0,0,0,0,0,0,0,0,0,0
"Santo Remedio Probiotic Supplement for Digestive Health, Unisex, 138 mg, 30 Count",Santo Remedio,Gut,Gut,10,9,1,1,1,1,0,0,1,1,0,0,0,1,0,0,0,0,0,0,0,0,1,0,0,0,0,0,0,0,0,0,0,0,0,0,1,0
"BIOHM Digestive Greens Powder, Probiotics, Mixed Berry Flavor, 7.4 oz, 30 Servings (Unisex)",BIOHM,Gut,Gut,4,4,0,1,0,1,0,0,0,0,0,0,0,0,0,0,0,0,0,0,0,0,0,1,0,0,1,0,0,0,0,0,0,0,0,0,0,0
"Culturelle Bloating and Gas Defense Capsules, Helps Relieve Bloating and Indigestion, 30 Count",Culturelle,Gut,Gut,1,1,0,0,0,0,0,0,0,1,0,0,0,0,0,0,0,0,0,0,0,0,0,0,0,0,0,0,0,0,0,0,0,0,0,0,0,0
Renew Life Extra Care Digestive Probiotic Capsules Unisex,Renew Life,"Gut, Respriatory",Gut,12,9,0,0,0,1,0,1,1,1,1,0,0,1,0,0,0,0,1,0,0,1,1,0,0,0,0,0,0,0,0,0,0,0,0,0,0,0
"Nouri Digestive Health Probiotic with Omega for Digestion, Immune, and Brain Health, 30 Day Supply",Nouri,"Gut, Brain",Gut,5,5,1,0,1,1,0,0,1,0,0,0,0,0,0,0,0,0,0,0,0,1,0,0,0,0,0,0,0,0,0,0,0,0,0,0,0,0
"Love Wellness Probiotic, 3 billion CFU, 30 Count",Love Wellness,Gut,Gut,3,5,1,0,1,0,0,0,0,0,0,0,0,0,0,0,0,0,0,0,0,1,0,0,0,0,0,0,1,0,1,0,0,0,0,0,0,0
"Renew Life Digestive Duo Probiotic + Enzymes Capsules for Digestive Health, Unisex, 30 Count",Renew Life,Gut,Gut,1,1,0,0,0,0,0,0,0,0,0,0,0,0,0,0,0,0,0,0,0,0,0,0,0,0,0,1,0,0,0,0,0,0,0,0,0,0
"Love Wellness Vaginal Probiotics for Women, Good Girl Probiotics, 60 count",Love Wellness,"Vaginal, Urinary",Gut,8,8,0,0,0,1,0,1,1,1,0,0,0,1,1,0,1,0,1,0,0,0,0,0,0,0,0,0,0,0,0,0,0,0,0,0,0,0
"VitaHustle One Superfood Greens Powder, Probiotics, Mixed Berry, 25 Servings",VitaHustle,Gut,Gut,9,9,1,0,0,1,0,1,1,1,0,1,0,0,0,0,1,0,1,0,0,1,0,0,0,0,0,0,0,0,0,0,0,0,0,0,0,0
"BelliWelli Daily Fiber Supplement with Probiotics Electrolytes, and Collagen - Cucumber Lime cooler, 6.4 oz",BelliWelli,Gut,Gut,1,1,0,0,0,0,0,0,0,0,0,0,0,0,0,0,0,0,0,0,1,0,0,0,0,0,0,0,0,0,0,0,0,0,0,0,0,0
"NOW Supplements, Probiotic-10, 25 Billion, with 10 Probiotic Strains, Dairy, Soy and Gluten Free, Strain Verified, 50 Veg Capsules",NOW,Gut,Gut,10,10,0,1,1,1,0,1,1,1,0,1,0,1,0,0,1,0,0,0,0,1,0,0,0,0,0,0,0,0,0,0,0,0,0,0,0,0
"BIOHM Gut-Brain Collection Health Powder, Probiotics, 7.4 oz, 30 Servings (Unisex)",BIOHM,"Gut, Brain",Brain,4,4,0,1,0,1,0,0,0,0,0,0,0,0,0,0,0,0,0,0,0,0,0,1,0,0,1,0,0,0,0,0,0,0,0,0,0,0
"Culturelle Kids Multivitamin + Probiotic Chewable, Fruit Punch Flavor, 50 Count",Culturelle,Gut,Gut,1,1,0,0,0,0,0,0,0,1,0,0,0,0,0,0,0,0,0,0,0,0,0,0,0,0,0,0,0,0,0,0,0,0,0,0,0,0
"Nordic Naturals Kids Probiotic Gummies, 1.5 Billion Cultures, Vegan 60 ct",Nordic Naturals,Gut,Gut,1,1,0,0,0,0,0,0,0,0,0,0,0,0,0,0,0,0,0,0,1,0,0,0,0,0,0,0,0,0,0,0,0,0,0,0,0,0
"Florastor Baby Daily Probiotic Supplement for Infants, 18 unflavored sticks",Florastor,Gut,Gut,1,1,0,0,0,0,0,0,0,0,0,0,0,0,0,0,0,0,0,0,0,0,0,1,0,0,0,0,0,0,0,0,0,0,0,0,0,0
"pH-D Feminine Health Women's Health Probiotic with Prebiotic Blend & Cranberry Extract, 30 Count",pH-D,"Vaginal, Gut, Urinary",Vaginal/Urinary,4,4,0,0,0,0,0,0,0,1,0,0,0,0,1,0,0,0,0,0,0,0,0,1,0,0,0,1,0,0,0,0,0,0,0,0,0,0
"Renew Life Kids Tummy Gummy with Prebiotics and Probiotics, Unisex, Raspberry, 30 Count",Renew Life,Gut,Gut,2,2,0,0,0,0,0,0,0,0,0,0,0,0,0,0,0,0,0,0,1,0,0,0,0,0,0,1,0,0,0,0,0,0,0,0,0,0
"Florastor Kids Daily Probiotic Supplement, Saccharomyces Boulardii CNCM I-745, 30 Sticks",Florastor,Gut,Gut,1,1,0,0,0,0,0,0,0,0,0,0,0,0,0,0,0,0,0,0,0,0,0,1,0,0,0,0,0,0,0,0,0,0,0,0,0,0
"Nature's Way Fortify Daily Probiotic Capsules for Adults, 30 Billion Live Cultures, Unisex, 30 Count",Nature's Way,Gut,Gut,10,7,1,0,0,1,0,1,1,1,0,0,0,1,0,0,0,0,0,0,0,1,0,0,0,0,0,0,0,0,0,0,0,0,0,0,0,0
"Align Probiotic Supplement , Gut Health + Immune Support Gummies, Vitamin C, Citrus, Unisex 50 Ct",Align,Gut,Gut,1,1,0,0,0,0,0,0,0,0,0,0,0,0,0,0,0,0,0,0,1,0,0,0,0,0,0,0,0,0,0,0,0,0,0,0,0,0
"Nouri Prenatal Health Probiotic with Omega and B6 Vegan Capsules, 30 Day Supply",Nouri,Gut,Gut,4,3,0,0,1,0,0,0,0,0,0,0,0,0,0,0,0,0,0,0,0,0,0,0,0,0,0,0,1,0,1,0,0,0,0,0,0,0
"Renew Life Women's Care Go-Pack Capsules, 15 Billion CFU, 30 Count",Renew Life,"Vaginal, Urinary, Gut",Vaginal/Urinary,12,10,0,0,0,1,0,1,1,1,1,0,0,1,0,0,0,0,1,1,0,1,1,0,0,0,0,0,0,0,0,0,0,0,0,0,0,0
"Trubiotics Women's Probiotic Capsules, 30 Ct",TruBiotics,"Gut, Vaginal, Bone",Vaginal/Urinary,3,3,0,0,0,0,0,0,0,1,0,0,0,0,0,0,0,0,0,1,0,1,0,0,0,0,0,0,0,0,0,0,0,0,0,0,0,0
Florajen - Florajen Kids Multiculture Probiotic Supplement 6 Billion - 30 Capsules,Florajen,Gut,Gut,4,3,0,0,0,1,0,0,0,1,0,0,0,0,0,0,0,0,0,0,0,1,0,0,0,0,0,0,0,0,0,0,0,0,0,0,0,0
"Renew Life Kids Chewable Probiotic Tablets, Unisex, 3 Billion CFU, Berry, 60 Count",Renew Life,Gut,Gut,6,5,0,0,0,1,0,0,1,0,0,0,0,0,0,0,1,0,0,0,1,1,0,0,0,0,0,0,0,0,0,0,0,0,0,0,0,0
"Bio360 Probiotics Kids' Formula, Daily Chewable Vegan Probiotic for Kids Whole Body Health, 30 Ct",Bio360,Gut,Gut,10,10,0,0,1,1,0,1,1,1,0,1,0,1,0,1,0,0,0,1,0,1,0,0,0,0,0,0,0,0,0,0,0,0,0,0,0,0
"Renew Life Extra Care Go-Pack Probiotic Capsules, Unisex, 50 billion CFU, 30 Count",Renew Life,"Gut, Respiratory",Respiratory,12,9,0,0,0,1,0,1,1,1,1,0,0,1,0,0,0,0,1,0,0,1,1,0,0,0,0,0,0,0,0,0,0,0,0,0,0,0
"SmartyPants Baby Probiotic Supplement, 30 Day Supply",SmartyPants Vitamins,Gut,Gut,5,5,0,0,1,0,0,0,0,1,0,0,0,0,0,0,0,0,0,0,0,1,0,1,0,0,0,0,0,0,0,0,0,0,0,0,0,1
"Bio-Kult Boosted Gut Health Probiotic Supplement, 30 Count",Bio-Kult,Gut,Gut,14,14,1,1,1,1,1,1,1,1,1,1,1,0,0,0,1,0,0,0,0,0,1,0,0,0,0,1,0,0,0,0,0,0,0,0,0,0
"(2 pack) Spring Valley Probiotic Acidophilus Dietary Supplement, 30 Count",Spring Valley,Gut,Gut,1,1,0,0,0,1,0,0,0,0,0,0,0,0,0,0,0,0,0,0,0,0,0,0,0,0,0,0,0,0,0,0,0,0,0,0,0,0
"Equate Digestive Care Probiotic Capsules, 28 Count",Equate,Gut,Gut,4,4,1,0,0,1,0,0,0,0,0,0,0,0,0,0,0,0,0,0,0,1,1,0,0,0,0,0,0,0,0,0,0,0,0,0,0,0
"Dr. Formulated Women's Monthly Balance PMS Support Softgels.- Cramp, Mood, and Skin Support, Plus Probiotics, 1 Month Supply",Garden of Life,"Muscle, Breast, Skin",Muscle,1,1,0,0,0,0,0,0,0,0,0,0,0,0,0,0,0,0,0,0,0,0,0,0,0,0,0,1,0,0,0,0,0,0,0,0,0,0
Garden of Life 10B Probiotic Gummy,Garden of Life,Gut,Gut,4,3,0,0,0,0,0,0,0,0,0,0,0,0,0,0,0,0,0,0,1,0,0,0,0,0,0,1,0,0,0,1,0,0,0,0,0,0
Garden of Life Dr. Formulated Kids Probiotic + Vitamin D (30ct Carton) (12/3pk),Garden of Life,"Gut, Respiratory",Respiratory,2,2,0,0,0,1,0,0,0,0,0,0,0,0,0,0,0,0,0,0,0,1,0,0,0,0,0,0,0,0,0,0,0,0,0,0,0,0