Duration (Hours),PGY (Modified) SM,PGY (Modified) SM,PGY (Modified) SM,M. curtisii SM,M. curtisii SM,M. curtisii SM,F. vaginae SM,F. vaginae SM,F. vaginae SM,A. christensenii SM,A. christensenii SM,A. christensenii SM
0,0.0339,0.0677,0.0339,0.034366667,0.053266667,0.019666667,0.0402,0.0379,-0.009,0.0466,0.0325,-0.002
0.08,0.0396,0.065,0.0396,0.040133333,0.056133333,0.027633333,0.0501,0.0353,-0.0399,0.040733333,0.029233333,-0.019166667
0.17,0.01455,0.05395,0.01455,0.024433333,0.050533333,0.026133333,0.034233333,0.045333333,0.000833333,0.040066667,0.025366667,-0.005433333
0.25,0.02975,0.06685,0.02975,0.031533333,0.051033333,0.019733333,0.036833333,0.044933333,-0.004966667,0.0442,0.0291,-1E-04
0.42,0.02445,0.06035,0.02445,0.023933333,0.042533333,0.024433333,0.030333333,0.047733333,-0.006566667,0.0459,0.0244,-0.0078
0.58,0.03745,0.06405,0.03745,0.0317,0.0353,0.0235,0.038766667,0.050966667,-0.009733333,0.043166667,0.028866667,-0.003833333
0.75,0.0361,0.0705,0.0361,0.0299,0.046,0.0277,0.0344,0.0473,-0.0236,0.039466667,0.032066667,-0.010233333
0.92,0.02785,0.06035,0.02785,0.033866667,0.037066667,0.018466667,0.0402,0.0461,-0.0166,0.040433333,0.028633333,-0.009466667
1.08,0.0273,0.0629,0.0273,0.0339,0.0524,0.0323,0.037133333,0.045033333,-0.016266667,0.040733333,0.035333333,-0.005766667
1.25,0.0247,0.0663,0.0247,0.037633333,0.047533333,0.029233333,0.037633333,0.042433333,-0.020066667,0.045066667,0.026566667,-0.012433333
1.42,0.0333,0.0684,0.0333,0.028733333,0.043233333,0.022833333,0.037633333,0.045833333,-0.015766667,0.0401,0.0237,-0.011
1.58,0.0251,0.0649,0.0251,0.033433333,0.051633333,0.027133333,0.043033333,0.046033333,-0.012866667,0.038333333,0.029333333,-0.015066667
1.75,0.02385,0.06235,0.02385,0.035966667,0.049066667,0.029766667,0.038433333,0.043133333,-0.016466667,0.040066667,0.027366667,-0.017333333
1.92,0.039,0.0708,0.039,0.030166667,0.044866667,0.018866667,0.0429,0.0498,-0.0203,0.040466667,0.029266667,-0.012733333
2.08,0.0249,0.0577,0.0249,0.035433333,0.054633333,0.026533333,0.0388,0.0468,-0.0122,0.039933333,0.032533333,-0.010066667
2.25,0.02665,0.06245,0.02665,0.032233333,0.044833333,0.022633333,0.0412,0.0461,-0.0179,0.042433333,0.027033333,-0.014966667
2.42,0.0248,0.0655,0.0248,0.028133333,0.049233333,0.019833333,0.0372,0.0481,-0.0122,0.043733333,0.027133333,-0.016266667
2.58,0.0248,0.0581,0.0248,0.036933333,0.047933333,0.028133333,0.045433333,0.048533333,-0.010966667,0.039433333,0.027733333,-0.013066667
2.75,0.02135,0.06645,0.02135,0.0339,0.0436,0.0273,0.040266667,0.046266667,-0.016933333,0.0343,0.025,-0.0165
2.92,0.023,0.0629,0.023,0.0315,0.0505,0.0235,0.047066667,0.054566667,-0.011933333,0.045633333,0.032633333,-0.012666667
3.08,0.02155,0.06215,0.02155,0.034633333,0.056033333,0.026933333,0.038366667,0.053266667,-0.008033333,0.040633333,0.036633333,-0.004566667
3.25,0.0346,0.0686,0.0346,0.033866667,0.047566667,0.028066667,0.044066667,0.045966667,-0.015833333,0.0427,0.0279,-0.0115
3.42,0.0121,0.0643,0.0121,0.031333333,0.042133333,0.019633333,0.040966667,0.052866667,-0.010133333,0.041033333,0.034833333,-0.007466667
3.58,0.03245,0.06745,0.03245,0.036733333,0.045533333,0.024333333,0.0425,0.052,-0.0096,0.0396,0.0307,-0.0104
3.75,0.0233,0.0661,0.0233,0.024533333,0.045633333,0.025433333,0.040966667,0.045566667,-0.020233333,0.0391,0.0281,-0.0193
3.92,0.03135,0.06425,0.03135,0.025633333,0.048133333,0.029633333,0.039833333,0.047533333,-0.016166667,0.0385,0.0296,-0.0203
4.08,0.02675,0.05985,0.02675,0.0195,0.0475,0.0194,0.036066667,0.046666667,-0.013133333,0.037466667,0.031866667,-0.007633333
4.25,0.02125,0.06695,0.02125,0.036766667,0.045666667,0.026866667,0.043133333,0.049333333,-0.018666667,0.039066667,0.030566667,-0.012533333
4.42,0.03395,0.06215,0.03395,0.032833333,0.053533333,0.017633333,0.0436,0.0526,-0.015,0.039266667,0.025866667,-0.019933333
4.58,0.0229,0.0532,0.0229,0.031666667,0.041666667,0.018266667,0.0411,0.0422,-0.0174,0.037533333,0.023933333,-0.019466667
4.75,0.02185,0.06275,0.02185,0.037366667,0.047466667,0.031266667,0.036533333,0.050233333,-0.015966667,0.043866667,0.027366667,-0.016033333
4.92,0.01395,0.05695,0.01395,0.030166667,0.052966667,0.025966667,0.047466667,0.049966667,-0.014933333,0.043333333,0.031133333,-0.014866667
5.08,0.03145,0.06605,0.03145,0.030133333,0.048733333,0.029133333,0.041633333,0.043533333,-0.014966667,0.0309,0.0313,-0.0166
5.25,0.02475,0.05595,0.02475,0.036066667,0.044866667,0.032266667,0.038566667,0.048166667,-0.017933333,0.035333333,0.029233333,-0.015666667
5.42,0.02505,0.05505,0.02505,0.028,0.0436,0.0273,0.044033333,0.048533333,-0.016066667,0.040666667,0.026866667,-0.014133333
5.58,0.0293,0.0503,0.0293,0.034066667,0.049966667,0.024566667,0.0355,0.0479,-0.0201,0.035266667,0.027466667,-0.013733333
5.75,0.03105,0.06765,0.03105,0.030033333,0.048833333,0.023333333,0.036833333,0.050833333,-0.014766667,0.038266667,0.030566667,-0.015233333
5.92,0.01725,0.03195,0.01725,0.0325,0.0464,0.0069,0.0367,0.0513,-0.0173,0.038466667,0.027966667,-0.015233333
6.08,0.0262,0.0506,0.0262,0.0187,0.0447,0.0198,0.043466667,0.050466667,-0.014533333,0.0349,0.0293,-0.013
6.25,0.0187,0.0608,0.0187,0.027766667,0.037366667,0.012166667,0.043633333,0.049733333,-0.017966667,0.0387,0.034,-0.011
6.42,0.02585,0.06565,0.02585,0.0297,0.0426,0.0137,0.042366667,0.045666667,-0.020033333,0.042433333,0.029833333,-0.009366667
6.58,0.02055,0.06415,0.02055,0.042533333,0.050633333,0.016933333,0.0424,0.0432,-0.0194,0.034566667,0.030366667,-0.015433333
6.75,0.0264,0.0689,0.0264,0.0335,0.0487,0.0284,0.0378,0.0444,-0.0207,0.0402,0.0312,-0.0138
6.92,0.0204,0.0615,0.0204,0.032533333,0.043533333,0.027633333,0.039433333,0.048933333,-0.020166667,0.0391,0.0282,-0.0115
7.08,0.0362,0.0701,0.0362,0.0244,0.0401,0.0207,0.0396,0.0485,-0.0152,0.035066667,0.029966667,-0.016533333
7.25,0.02425,0.05795,0.02425,0.0324,0.05,0.0271,0.0422,0.0489,-0.02,0.044933333,0.030133333,-0.012266667
7.42,0.01015,0.05935,0.01015,0.0226,0.0438,0.0035,0.042766667,0.048266667,-0.018633333,0.0368,0.027,-0.0236
7.58,0.02625,0.06375,0.02625,0.0329,0.0479,0.0187,0.035133333,0.047033333,-0.017666667,0.0395,0.0302,-0.0142
7.75,0.0092,0.0575,0.0092,0.032233333,0.051833333,0.028133333,0.036233333,0.049033333,-0.017566667,0.0417,0.0294,-0.0158
7.92,0.02435,0.06465,0.02435,0.020233333,0.038533333,0.018633333,0.0357,0.0466,-0.0207,0.038833333,0.033033333,-0.012566667
8.09,0.025,0.0628,0.025,0.039966667,0.049966667,0.028066667,0.039033333,0.047633333,-0.013666667,0.031933333,0.020733333,-0.015066667
8.25,0.02035,0.05555,0.02035,0.026333333,0.039533333,0.023733333,0.0427,0.0497,-0.0158,0.0394,0.0287,-0.0117
8.42,0.0148,0.0601,0.0148,0.0292,0.0472,0.0189,0.033933333,0.045233333,-0.019066667,0.031866667,0.028866667,-0.013233333
8.59,0.00705,0.05665,0.00705,0.028066667,0.048666667,0.021266667,0.0343,0.0453,-0.0253,0.037266667,0.029066667,-0.015533333
8.75,0.01975,0.06005,0.01975,0.0216,0.0369,0.0136,0.042366667,0.043266667,-0.020033333,0.040733333,0.034333333,-0.011566667
8.92,0.02455,0.06165,0.02455,0.024,0.0429,0.0295,0.033,0.0469,-0.0203,0.034833333,0.028433333,-0.015166667
9.09,0.01775,0.06005,0.01775,0.027333333,0.050533333,0.021233333,0.0377,0.0475,-0.0177,0.041066667,0.030366667,-0.004433333
9.25,0.01985,0.05875,0.01985,0.022566667,0.040766667,0.007966667,0.033366667,0.047866667,-0.020833333,0.034466667,0.027066667,-0.017133333
9.42,0.0128,0.0532,0.0128,0.023333333,0.043533333,0.025033333,0.0352,0.0454,-0.0188,0.038666667,0.030166667,-0.007633333
9.59,0.02415,0.05845,0.02415,0.027633333,0.036633333,0.021633333,0.031566667,0.042366667,-0.027033333,0.037766667,0.031466667,-0.013733333
9.75,0.0205,0.0611,0.0205,0.026866667,0.047566667,0.019566667,0.043533333,0.049333333,-0.017466667,0.040233333,0.031833333,-0.016266667
9.92,0.03165,0.04285,0.03165,0.018733333,0.045633333,0.025233333,0.04,0.052,-0.0216,0.037866667,0.025166667,-0.011433333
10.09,0.0193,0.0558,0.0193,0.029066667,0.045966667,0.017366667,0.037166667,0.050366667,-0.018233333,0.021266667,0.030666667,-0.013533333
10.25,-0.0006,0.0613,-0.0006,0.030566667,0.036966667,0.024766667,0.039966667,0.046666667,-0.020033333,0.039033333,0.033933333,-0.017066667
10.42,0.02545,0.06505,0.02545,0.0222,0.0367,0.0206,0.031566667,0.049466667,-0.016133333,0.032166667,0.030066667,-0.013533333
10.59,0.01405,0.05995,0.01405,0.029,0.0411,0.0095,0.0376,0.0453,-0.0217,0.0354,0.0329,-0.0115
10.75,0.02745,0.06175,0.02745,0.025133333,0.046733333,0.020733333,0.03,0.0461,-0.02,0.0373,0.0317,-0.0129
10.92,0.00905,0.04905,0.00905,0.021533333,0.043033333,0.014733333,0.039433333,0.048133333,-0.016566667,0.038766667,0.032666667,-0.012633333
11.09,0.0261,0.0594,0.0261,0.029533333,0.049633333,0.026233333,0.034666667,0.047266667,-0.017433333,0.037933333,0.034733333,-0.007066667
11.25,0.01855,0.04345,0.01855,0.020666667,0.043566667,0.008566667,0.028833333,0.044933333,-0.025366667,0.035633333,0.031733333,-0.016666667
11.42,0.01155,0.04695,0.01155,0.0231,0.0421,0.0214,0.0328,0.0503,-0.0268,0.038266667,0.032166667,-0.010033333
11.59,0.00665,0.05605,0.00665,0.024466667,0.047566667,0.019166667,0.036933333,0.046933333,-0.026366667,0.035666667,0.027666667,-0.016733333
11.75,0.02715,0.06465,0.02715,0.029433333,0.044533333,0.018533333,0.030366667,0.045066667,-0.030133333,0.035166667,0.033866667,-0.020433333
11.92,0.0154,0.0613,0.0154,0.037433333,0.053933333,0.028333333,0.037433333,0.043533333,-0.017066667,0.034666667,0.031866667,-0.019933333
12.09,0.02875,0.06915,0.02875,0.028033333,0.046233333,0.023233333,0.036033333,0.048333333,-0.021166667,0.042633333,0.031133333,-0.013966667
12.25,0.02635,0.06565,0.02635,0.027933333,0.047733333,0.016133333,0.0373,0.0454,-0.0197,0.0403,0.0403,-0.0073
12.42,0.0223,0.0544,0.0223,0.024933333,0.045333333,0.028333333,0.037433333,0.042333333,-0.027666667,0.043466667,0.034366667,-0.008733333
12.59,0.00705,0.05305,0.00705,0.023666667,0.055766667,0.029066667,0.035233333,0.045333333,-0.024466667,0.040133333,0.033033333,-0.016066667
12.75,0.0187,0.0537,0.0187,0.022566667,0.048566667,0.026866667,0.041366667,0.049566667,-0.011233333,0.040333333,0.041133333,-0.002266667
12.92,0.0315,0.057,0.0315,0.029433333,0.050933333,0.019133333,0.037666667,0.046366667,-0.024133333,0.038666667,0.034966667,-0.005633333
13.09,0.0232,0.064,0.0232,0.0312,0.0447,0.0244,0.035,0.0499,-0.0244,0.039166667,0.031666667,-0.016233333
13.25,0.0281,0.0628,0.0281,0.0233,0.0391,0.0184,0.038633333,0.046633333,-0.023666667,0.035466667,0.031866667,-0.015633333
13.42,0.0273,0.046,0.0273,0.0256,0.0383,0.02,0.0297,0.0419,-0.0219,0.042333333,0.039033333,-0.012866667
13.59,0.01565,0.06385,0.01565,0.024766667,0.044166667,0.019966667,0.033733333,0.038433333,-0.032566667,0.037333333,0.027433333,-0.016266667
13.75,0.01825,0.04275,0.01825,0.0284,0.0459,0.0156,0.035566667,0.041166667,-0.027833333,0.049166667,0.037766667,-0.007433333
13.92,0.0313,0.0504,0.0313,0.0287,0.0509,0.0244,0.034966667,0.043966667,-0.020933333,0.0409,0.0403,-0.0055
14.09,0.01575,0.05395,0.01575,0.0227,0.0407,0.023,0.0376,0.0433,-0.0226,0.042133333,0.038133333,-0.011366667
14.25,0.011,0.0512,0.011,0.029233333,0.050933333,0.023533333,0.0381,0.0446,-0.0256,0.0409,0.0404,-0.0063
14.42,0.01245,0.05595,0.01245,0.029333333,0.051133333,0.019633333,0.035933333,0.048133333,-0.020966667,0.0439,0.0337,-0.0109
14.59,0.02615,0.05795,0.02615,0.029833333,0.047733333,0.023533333,0.042333333,0.047433333,-0.019066667,0.040466667,0.037466667,-0.005033333
14.75,0.01275,0.05285,0.01275,0.024233333,0.046533333,0.015633333,0.036966667,0.048366667,-0.017733333,0.0417,0.0383,-0.0074
14.92,0.02095,0.05405,0.02095,0.023933333,0.045633333,0.020933333,0.035433333,0.043333333,-0.021066667,0.0423,0.0392,-0.0153
15.09,0.02735,0.04635,0.02735,0.0185,0.0488,0.02,0.0332,0.0505,-0.0204,0.043333333,0.042233333,-0.003866667
15.25,0.01775,0.05515,0.01775,0.026766667,0.041566667,0.019366667,0.030033333,0.040033333,-0.027866667,0.050966667,0.043566667,-0.003633333
15.42,0.02505,0.05345,0.02505,0.032833333,0.043433333,0.023533333,0.039233333,0.038333333,-0.026966667,0.0371,0.0337,-0.0089
15.59,0.02025,0.04495,0.02025,0.026533333,0.045433333,0.018533333,0.0285,0.0363,-0.0264,0.0357,0.0429,-0.0091
15.75,0.02605,0.05835,0.02605,0.02,0.0438,0.0134,0.040733333,0.046433333,-0.022566667,0.0379,0.0396,-1E-04
15.92,0.00635,0.05225,0.00635,0.031,0.0456,0.0218,0.0338,0.0416,-0.0185,0.0357,0.0428,-0.0043
16.09,0.017,0.0527,0.017,0.024466667,0.042166667,0.013766667,0.0336,0.0395,-0.0312,0.047866667,0.040066667,-0.001233333
16.25,0.01475,0.05955,0.01475,0.023066667,0.046266667,0.021466667,0.037233333,0.048433333,-0.018166667,0.044133333,0.040533333,0.002033333
16.42,0.01195,0.04805,0.01195,0.022733333,0.043533333,0.017033333,0.035966667,0.044466667,-0.024333333,0.042633333,0.039433333,0.000133333
16.59,0.01235,0.05555,0.01235,0.021566667,0.037766667,0.016366667,0.0304,0.0426,-0.0199,0.036233333,0.035133333,-0.005966667
16.75,0.01045,0.06125,0.01045,0.0219,0.0397,0.0189,0.029033333,0.045333333,-0.026466667,0.051533333,0.044133333,0.006233333
16.92,0.0171,0.0589,0.0171,0.031,0.0473,0.0103,0.0428,0.0472,-0.0257,0.040833333,0.038533333,-0.008566667
17.09,0.00935,0.05355,0.00935,0.0191,0.044,0.0072,0.0339,0.0489,-0.0228,0.0444,0.0427,0.0056
17.25,0.01845,0.06205,0.01845,0.019666667,0.049766667,0.021666667,0.039366667,0.048866667,-0.020833333,0.039333333,0.038333333,-0.005466667
17.42,0.0274,0.0628,0.0274,0.028033333,0.046533333,0.017833333,0.039833333,0.043133333,-0.028666667,0.0423,0.0361,0.0003
17.59,0.01555,0.05785,0.01555,0.026933333,0.048433333,0.021733333,0.034266667,0.047366667,-0.024433333,0.047966667,0.040566667,0.010066667
17.75,0.0179,0.0616,0.0179,0.033033333,0.048333333,0.023633333,0.037933333,0.044233333,-0.029566667,0.046066667,0.040466667,0.005566667
17.92,0.0139,0.0519,0.0139,0.026966667,0.048366667,0.023166667,0.0348,0.0522,-0.0235,0.046633333,0.039033333,0.003333333
18.09,0.0167,0.0477,0.0167,0.019366667,0.041466667,0.021666667,0.037133333,0.045133333,-0.025866667,0.0558,0.0463,0.0104
18.25,0.02825,0.05665,0.02825,0.022966667,0.045966667,0.023766667,0.037833333,0.042933333,-0.023566667,0.046266667,0.037466667,0.005566667
18.42,0.0256,0.0592,0.0256,0.020366667,0.042966667,0.007866667,0.029466667,0.044266667,-0.023133333,0.052133333,0.042833333,0.013033333
18.59,0.02985,0.05465,0.02985,0.023866667,0.039466667,0.018766667,0.0384,0.0505,-0.0195,0.048633333,0.037633333,0.005733333
18.75,0.0232,0.0555,0.0232,0.023266667,0.047066667,0.010966667,0.0348,0.0451,-0.0262,0.0551,0.0373,0.0078
18.92,0.02465,0.05415,0.02465,0.018833333,0.036433333,0.013333333,0.031833333,0.045533333,-0.022366667,0.049466667,0.040966667,0.006366667
19.09,0.0223,0.0593,0.0223,0.023866667,0.041366667,0.022866667,0.028566667,0.043666667,-0.025633333,0.070133333,0.044233333,0.017733333
19.25,0.0246,0.0596,0.0246,0.026933333,0.037333333,0.025633333,0.029966667,0.045866667,-0.021133333,0.0578,0.0426,0.0198
19.42,0.0302,0.0642,0.0302,0.0289,0.0448,0.0204,0.034366667,0.048366667,-0.021333333,0.062233333,0.040833333,0.014833333
19.59,0.02805,0.05785,0.02805,0.0276,0.0547,0.0276,0.0321,0.0474,-0.0214,0.0644,0.0395,0.0187
19.75,0.0149,0.0536,0.0149,0.021366667,0.042166667,0.014666667,0.035566667,0.043666667,-0.024833333,0.0681,0.0412,0.0185
19.92,0.01975,0.05885,0.01975,0.0278,0.0417,0.0257,0.029066667,0.045766667,-0.029333333,0.071633333,0.034733333,0.019133333
20.09,0.02945,0.05975,0.02945,0.0325,0.0458,0.024,0.04,0.0463,-0.0266,0.095066667,0.038566667,0.016666667
20.25,0.0227,0.0572,0.0227,0.0235,0.0492,0.0264,0.031466667,0.049066667,-0.025833333,0.077866667,0.039966667,0.028766667
20.42,0.02355,0.05385,0.02355,0.024066667,0.042666667,0.026266667,0.028433333,0.046633333,-0.017666667,0.079933333,0.041733333,0.022233333
20.59,0.035,0.0639,0.035,0.032066667,0.048466667,0.030866667,0.028766667,0.048366667,-0.020233333,0.083466667,0.040766667,0.023566667
20.75,0.01035,0.05885,0.01035,0.021866667,0.039266667,0.015566667,0.038766667,0.046266667,-0.020433333,0.0867,0.0378,0.0245
20.92,0.0173,0.0557,0.0173,0.028966667,0.049466667,0.011666667,0.034933333,0.045833333,-0.029066667,0.095866667,0.040566667,0.022866667
21.09,0.0188,0.059,0.0188,0.021966667,0.048266667,0.026766667,0.027033333,0.041833333,-0.030266667,0.0946,0.0422,0.0257
21.25,0.0198,0.0448,0.0198,0.024766667,0.048766667,0.022066667,0.034533333,0.043833333,-0.031866667,0.097,0.0413,0.0258
21.42,0.02685,0.05795,0.02685,0.0306,0.0557,0.0285,0.034866667,0.049866667,-0.026133333,0.1032,0.0352,0.0266
21.59,0.0251,0.0563,0.0251,0.0268,0.0474,0.0316,0.0365,0.0464,-0.0249,0.1127,0.0395,0.0299
21.75,0.03345,0.06345,0.03345,0.030566667,0.045666667,0.022966667,0.0363,0.0359,-0.0314,0.105633333,0.040333333,0.027033333
21.92,0.01345,0.05485,0.01345,0.022666667,0.045066667,0.025666667,0.0365,0.048,-0.0237,0.1141,0.0477,0.0381
22.09,0.0361,0.0532,0.0361,0.032233333,0.049933333,0.019433333,0.034233333,0.045433333,-0.032966667,0.1109,0.0385,0.0342
22.25,0.025,0.0523,0.025,0.030266667,0.054866667,0.032366667,0.031633333,0.050433333,-0.022866667,0.119566667,0.046466667,0.046566667
22.42,0.0262,0.0603,0.0262,0.031466667,0.056366667,0.034766667,0.031566667,0.040266667,-0.027433333,0.124033333,0.041133333,0.040733333
22.59,0.0183,0.0516,0.0183,0.0326,0.0546,0.0322,0.034233333,0.044333333,-0.019566667,0.125366667,0.034266667,0.036366667
22.75,0.02685,0.05835,0.02685,0.035266667,0.055766667,0.031966667,0.030333333,0.041533333,-0.026266667,0.1275,0.0439,0.0384
22.92,0.01855,0.05405,0.01855,0.019833333,0.043533333,0.033833333,0.030766667,0.048366667,-0.025433333,0.128066667,0.037766667,0.031466667
23.09,0.0175,0.0583,0.0175,0.032133333,0.058433333,0.028633333,0.032033333,0.043533333,-0.022166667,0.138,0.0459,0.0435
23.25,0.03165,0.06045,0.03165,0.037533333,0.057933333,0.044833333,0.031366667,0.047266667,-0.016833333,0.1384,0.0494,0.0482
23.42,0.02665,0.06175,0.02665,0.040066667,0.059766667,0.038766667,0.028266667,0.051366667,-0.015633333,0.133666667,0.039066667,0.042066667
23.59,0.016,0.0449,0.016,0.0297,0.0568,0.0338,0.034866667,0.045366667,-0.024233333,0.144333333,0.045433333,0.039433333
23.75,0.0334,0.0599,0.0334,0.041366667,0.062666667,0.049866667,0.033266667,0.047066667,-0.026333333,0.1434,0.0443,0.0458
23.92,0.02445,0.06565,0.02445,0.040833333,0.063633333,0.052033333,0.034566667,0.043866667,-0.031333333,0.139933333,0.044333333,0.044733333
24.09,0.03335,0.06435,0.03335,0.0388,0.0558,0.0443,0.040566667,0.047466667,-0.026633333,0.152733333,0.044533333,0.043533333
24.25,0.03015,0.06285,0.03015,0.036066667,0.063966667,0.045866667,0.031666667,0.048266667,-0.023833333,0.143833333,0.047533333,0.054833333
24.42,0.0331,0.0663,0.0331,0.040566667,0.058766667,0.051666667,0.033433333,0.047033333,-0.021366667,0.146933333,0.048633333,0.050733333
24.59,0.0297,0.0753,0.0297,0.0443,0.0715,0.0607,0.0333,0.0469,-0.0235,0.142533333,0.045433333,0.047733333
24.75,0.0318,0.0691,0.0318,0.044233333,0.067833333,0.059033333,0.032266667,0.049766667,-0.024633333,0.156266667,0.041666667,0.053166667
24.92,0.03555,0.07945,0.03555,0.0493,0.0757,0.065,0.030033333,0.045033333,-0.027066667,0.151733333,0.043233333,0.051133333
25.09,0.0333,0.0708,0.0333,0.034,0.0676,0.0525,0.023233333,0.045933333,-0.030166667,0.1709,0.0497,0.0517
25.25,0.03335,0.06705,0.03335,0.034633333,0.062133333,0.065833333,0.032133333,0.040933333,-0.020566667,0.155233333,0.053633333,0.054433333
25.42,0.041,0.0729,0.041,0.0481,0.0773,0.0687,0.026433333,0.051533333,-0.019566667,0.162666667,0.049666667,0.061566667
25.59,0.05315,0.07695,0.05315,0.048533333,0.076733333,0.070933333,0.034066667,0.042966667,-0.028133333,0.158933333,0.047833333,0.053233333
25.75,0.04335,0.07735,0.04335,0.062166667,0.078966667,0.085766667,0.032533333,0.049233333,-0.022066667,0.164133333,0.052433333,0.062233333
25.92,0.0614,0.08,0.0614,0.053966667,0.085066667,0.094066667,0.0393,0.0442,-0.0276,0.155733333,0.052633333,0.055733333
26.09,0.05695,0.08775,0.05695,0.0622,0.091,0.0953,0.041466667,0.052866667,-0.024933333,0.1785,0.0539,0.0592
26.25,0.0552,0.0877,0.0552,0.063,0.0866,0.105,0.034966667,0.049266667,-0.024633333,0.168633333,0.057733333,0.059633333
26.42,0.06025,0.09295,0.06025,0.0659,0.0953,0.1085,0.0371,0.0515,-0.017,0.169966667,0.059566667,0.052066667
26.59,0.0654,0.0942,0.0654,0.069266667,0.092266667,0.114166667,0.032166667,0.049466667,-0.023233333,0.1739,0.0676,0.0649
26.76,0.06215,0.09415,0.06215,0.070966667,0.094066667,0.118466667,0.028233333,0.045633333,-0.023466667,0.169133333,0.073633333,0.063133333
26.92,0.0657,0.1001,0.0657,0.0789,0.1059,0.1257,0.028366667,0.047566667,-0.026733333,0.178633333,0.084233333,0.072233333
27.09,0.07555,0.09845,0.07555,0.078966667,0.106766667,0.134166667,0.038233333,0.045033333,-0.031666667,0.1734,0.0768,0.0541
27.26,0.06745,0.11135,0.06745,0.084233333,0.116133333,0.139733333,0.039166667,0.051166667,-0.023533333,0.170733333,0.079333333,0.059533333
27.42,0.0773,0.1098,0.0773,0.093666667,0.122666667,0.138866667,0.026066667,0.048266667,-0.024433333,0.186233333,0.096333333,0.067233333
27.59,0.085,0.1162,0.085,0.091333333,0.123633333,0.151133333,0.0301,0.045,-0.0238,0.172933333,0.083633333,0.061033333
27.76,0.093,0.1222,0.093,0.0962,0.1253,0.1569,0.035433333,0.046933333,-0.027666667,0.179166667,0.106566667,0.072666667
27.92,0.0908,0.1264,0.0908,0.104066667,0.138766667,0.165466667,0.033966667,0.051666667,-0.027533333,0.173133333,0.085933333,0.061733333
28.09,0.0985,0.1262,0.0985,0.106466667,0.142766667,0.161766667,0.048666667,0.057766667,-0.028633333,0.166133333,0.098033333,0.055933333
28.26,0.09375,0.12615,0.09375,0.110866667,0.151566667,0.171166667,0.037233333,0.054433333,-0.025466667,0.166966667,0.109266667,0.072966667
28.42,0.10085,0.13405,0.10085,0.1164,0.1454,0.1754,0.039833333,0.051333333,-0.022966667,0.183933333,0.117933333,0.076333333
28.59,0.1099,0.1465,0.1099,0.125433333,0.163233333,0.185833333,0.0375,0.0524,-0.0259,0.179866667,0.120066667,0.077366667
28.76,0.10555,0.13675,0.10555,0.129866667,0.171566667,0.192966667,0.037833333,0.049033333,-0.027966667,0.1795,0.1189,0.0787
28.92,0.12265,0.15935,0.12265,0.1333,0.1722,0.1963,0.037666667,0.053666667,-0.029133333,0.177,0.1196,0.0812
29.09,0.13325,0.16655,0.13325,0.146433333,0.188133333,0.204733333,0.045133333,0.054833333,-0.025766667,0.178033333,0.115933333,0.082433333
29.26,0.13965,0.16895,0.13965,0.146033333,0.180933333,0.204333333,0.0284,0.0525,-0.0226,0.175266667,0.129266667,0.088866667
29.42,0.12585,0.16565,0.12585,0.156233333,0.192133333,0.210433333,0.028533333,0.058833333,-0.019766667,0.184033333,0.122733333,0.095633333
29.59,0.12985,0.17505,0.12985,0.157233333,0.200233333,0.220933333,0.020533333,0.051333333,-0.025266667,0.188033333,0.129333333,0.096133333
29.76,0.1449,0.1813,0.1449,0.164,0.2044,0.2245,0.035333333,0.059133333,-0.021066667,0.191833333,0.126133333,0.101033333
29.92,0.1502,0.1892,0.1502,0.166566667,0.207466667,0.234066667,0.025533333,0.053433333,-0.023466667,0.1818,0.1228,0.0952
30.09,0.16135,0.19215,0.16135,0.172866667,0.220266667,0.231066667,0.031133333,0.051233333,-0.023366667,0.1996,0.1222,0.0996
30.26,0.16835,0.20865,0.16835,0.186733333,0.223233333,0.239833333,0.032433333,0.052933333,-0.029166667,0.185266667,0.121266667,0.099166667
30.42,0.1639,0.2151,0.1639,0.182133333,0.227433333,0.244933333,0.0349,0.0526,-0.0219,0.184766667,0.120366667,0.091066667
30.59,0.1737,0.225,0.1737,0.182566667,0.230066667,0.242866667,0.0232,0.0551,-0.0246,0.186566667,0.121466667,0.103066667
30.76,0.17975,0.22235,0.17975,0.193033333,0.237933333,0.244833333,0.042733333,0.051033333,-0.022466667,0.185533333,0.115733333,0.108033333
30.92,0.1888,0.2256,0.1888,0.1969,0.2383,0.2472,0.033933333,0.053833333,-0.020866667,0.182366667,0.114066667,0.106066667
31.09,0.1887,0.2452,0.1887,0.214133333,0.254633333,0.258933333,0.036633333,0.056733333,-0.023766667,0.1924,0.1134,0.1016
31.26,0.20125,0.24955,0.20125,0.214833333,0.261133333,0.252133333,0.0395,0.0573,-0.0249,0.193966667,0.116666667,0.100466667
31.42,0.19385,0.25565,0.19385,0.228033333,0.263633333,0.247033333,0.038333333,0.055733333,-0.029166667,0.199866667,0.113366667,0.095666667
31.59,0.20475,0.25545,0.20475,0.2242,0.2663,0.248,0.037433333,0.048933333,-0.026866667,0.199,0.1205,0.1032
31.76,0.21375,0.26075,0.21375,0.233633333,0.273333333,0.247033333,0.0414,0.0597,-0.0251,0.187033333,0.113833333,0.109533333
31.92,0.2203,0.2652,0.2203,0.2376,0.2789,0.2477,0.024466667,0.052966667,-0.026833333,0.183666667,0.124066667,0.111266667
32.09,0.22465,0.26975,0.22465,0.245433333,0.283733333,0.245533333,0.0405,0.0501,-0.0228,0.1924,0.1237,0.1121
32.26,0.22975,0.27945,0.22975,0.250266667,0.288466667,0.250966667,0.03,0.0493,-0.0222,0.191533333,0.120233333,0.112233333
32.42,0.233,0.2767,0.233,0.254033333,0.291633333,0.243233333,0.033533333,0.053533333,-0.018666667,0.1859,0.1081,0.1039
32.59,0.2339,0.2756,0.2339,0.255766667,0.295966667,0.248466667,0.0192,0.0535,-0.0281,0.183766667,0.118566667,0.114366667
32.76,0.23845,0.28145,0.23845,0.2646,0.2974,0.2506,0.036933333,0.055333333,-0.019266667,0.187266667,0.116466667,0.112766667
32.92,0.2388,0.2889,0.2388,0.268666667,0.303466667,0.250166667,0.036733333,0.060233333,-0.024966667,0.195033333,0.120233333,0.116333333
33.09,0.2364,0.285,0.2364,0.275166667,0.307766667,0.251066667,0.036233333,0.058633333,-0.028666667,0.190666667,0.112966667,0.103666667
33.26,0.2304,0.2827,0.2304,0.2724,0.3062,0.242,0.026633333,0.057833333,-0.022566667,0.189566667,0.110366667,0.115766667
33.42,0.246,0.301,0.246,0.2816,0.3129,0.2508,0.023666667,0.055266667,-0.026833333,0.185466667,0.115066667,0.113466667
33.59,0.2531,0.3,0.2531,0.286033333,0.317833333,0.253133333,0.036466667,0.049366667,-0.025233333,0.181333333,0.114133333,0.112133333
33.76,0.2362,0.2923,0.2362,0.298066667,0.316766667,0.257566667,0.041466667,0.056466667,-0.016833333,0.183466667,0.112666667,0.111766667
33.92,0.2541,0.3046,0.2541,0.288533333,0.302733333,0.249833333,0.038866667,0.056566667,-0.024233333,0.1854,0.117,0.1205
34.09,0.26255,0.30705,0.26255,0.294333333,0.305233333,0.249533333,0.0423,0.0567,-0.0295,0.1949,0.116,0.1073
34.26,0.2611,0.3033,0.2611,0.2998,0.3088,0.2564,0.039933333,0.057433333,-0.023066667,0.185033333,0.110333333,0.112233333
34.42,0.26675,0.30585,0.26675,0.3002,0.3085,0.2535,0.044066667,0.058466667,-0.018233333,0.1848,0.1097,0.1072
34.59,0.2487,0.2957,0.2487,0.2938,0.3015,0.2483,0.0355,0.0494,-0.0241,0.1851,0.1193,0.1203
34.76,0.2647,0.2974,0.2647,0.2883,0.3036,0.2511,0.032866667,0.055766667,-0.020433333,0.1836,0.1176,0.1208
34.92,0.26115,0.29975,0.26115,0.2894,0.3084,0.2601,0.047733333,0.065133333,-0.015666667,0.175866667,0.104666667,0.108066667
35.09,0.2447,0.2877,0.2447,0.288233333,0.302133333,0.247933333,0.049833333,0.057733333,-0.019066667,0.174933333,0.105933333,0.101133333
35.26,0.2541,0.3004,0.2541,0.292266667,0.309766667,0.262366667,0.035466667,0.059766667,-0.019533333,0.1733,0.1081,0.1093
35.42,0.2554,0.2994,0.2554,0.2951,0.31,0.2584,0.0428,0.0615,-0.0176,0.1845,0.1175,0.1162
35.59,0.2565,0.3044,0.2565,0.283766667,0.303766667,0.259666667,0.0381,0.0551,-0.0261,0.1775,0.1185,0.1165
35.76,0.25255,0.30075,0.25255,0.2956,0.3115,0.2651,0.040133333,0.060733333,-0.020066667,0.188733333,0.121733333,0.128633333
35.92,0.2459,0.2945,0.2459,0.295633333,0.311433333,0.265833333,0.045333333,0.062833333,-0.022966667,0.185266667,0.118066667,0.114866667
36.09,0.2554,0.3011,0.2554,0.290333333,0.306733333,0.258133333,0.0446,0.0578,-0.0313,0.203866667,0.118166667,0.123366667
36.26,0.24545,0.29735,0.24545,0.2949,0.3086,0.266,0.039666667,0.057966667,-0.034633333,0.182533333,0.114733333,0.119733333
36.42,0.24955,0.29865,0.24955,0.2878,0.3004,0.2564,0.0283,0.0535,-0.0286,0.1876,0.1207,0.1239
36.59,0.2455,0.2969,0.2455,0.2869,0.3088,0.2624,0.028233333,0.057333333,-0.018866667,0.188833333,0.117133333,0.126733333
36.76,0.25305,0.30475,0.25305,0.289833333,0.313733333,0.271733333,0.0492,0.062,-0.0211,0.178166667,0.116366667,0.118166667
36.92,0.2458,0.2996,0.2458,0.2921,0.313,0.2686,0.033333333,0.059133333,-0.018466667,0.1904,0.1183,0.122
37.09,0.24255,0.29675,0.24255,0.2863,0.3048,0.258,0.0485,0.0581,-0.023,0.1919,0.1164,0.1107
37.26,0.2513,0.3007,0.2513,0.297366667,0.305766667,0.257966667,0.0396,0.0611,-0.0302,0.185066667,0.125766667,0.120866667
37.42,0.2562,0.3061,0.2562,0.2981,0.317,0.266,0.037633333,0.057633333,-0.023766667,0.190933333,0.117433333,0.114733333
37.59,0.2495,0.3046,0.2495,0.292433333,0.315333333,0.264133333,0.045066667,0.066066667,-0.020333333,0.183866667,0.114266667,0.118966667
37.76,0.26465,0.31885,0.26465,0.304666667,0.323166667,0.273366667,0.045866667,0.065966667,-0.020133333,0.1871,0.1208,0.1231
37.92,0.24865,0.30845,0.24865,0.2915,0.3195,0.2658,0.045133333,0.062433333,-0.025066667,0.181333333,0.118233333,0.114533333
38.09,0.255,0.3058,0.255,0.296266667,0.317166667,0.260466667,0.0405,0.0715,-0.0205,0.178033333,0.118033333,0.111833333
38.26,0.26635,0.32005,0.26635,0.2987,0.3171,0.2684,0.0438,0.0562,-0.0268,0.180766667,0.114266667,0.118966667
38.42,0.2614,0.3158,0.2614,0.299533333,0.319733333,0.266033333,0.044166667,0.063966667,-0.023833333,0.1798,0.1179,0.1195
38.59,0.26185,0.31385,0.26185,0.299533333,0.321333333,0.261933333,0.0384,0.0606,-0.0204,0.1862,0.1249,0.123
38.76,0.2715,0.3222,0.2715,0.2994,0.3116,0.2567,0.045533333,0.065533333,-0.022366667,0.180633333,0.116533333,0.109933333
38.92,0.2525,0.3045,0.2525,0.3085,0.3299,0.2682,0.041533333,0.063333333,-0.025066667,0.1777,0.1219,0.116
39.09,0.2703,0.3198,0.2703,0.3049,0.3197,0.2636,0.0472,0.0666,-0.0151,0.177133333,0.107533333,0.113833333
39.26,0.2617,0.3156,0.2617,0.304833333,0.328833333,0.266533333,0.032566667,0.066766667,-0.019633333,0.192566667,0.124066667,0.121366667
39.42,0.27235,0.32035,0.27235,0.3068,0.3294,0.2718,0.050366667,0.066566667,-0.019433333,0.185933333,0.129433333,0.129133333
39.59,0.2651,0.3138,0.2651,0.306733333,0.328033333,0.268233333,0.0483,0.0714,-0.0141,0.187933333,0.127633333,0.123833333
39.76,0.26585,0.31795,0.26585,0.3064,0.3257,0.268,0.048566667,0.058466667,-0.017533333,0.1823,0.1233,0.1173
39.92,0.25585,0.30695,0.25585,0.304833333,0.325533333,0.265233333,0.041966667,0.070966667,-0.014533333,0.1821,0.1191,0.1186
40.09,0.26965,0.31175,0.26965,0.307766667,0.324266667,0.261766667,0.047433333,0.061333333,-0.015266667,0.1946,0.1276,0.1172
40.26,0.26955,0.31625,0.26955,0.3082,0.3256,0.2671,0.047833333,0.062233333,-0.014866667,0.191433333,0.127833333,0.119333333
40.42,0.2692,0.3186,0.2692,0.307366667,0.320366667,0.258566667,0.045733333,0.066733333,-0.015166667,0.174566667,0.124266667,0.122866667
40.59,0.26095,0.31165,0.26095,0.301133333,0.320433333,0.256833333,0.0396,0.0617,-0.0204,0.191733333,0.121633333,0.119733333
40.76,0.2745,0.323,0.2745,0.312066667,0.333166667,0.270566667,0.033733333,0.070333333,-0.013966667,0.1866,0.1335,0.1194
40.92,0.2698,0.3147,0.2698,0.306333333,0.320733333,0.260233333,0.0477,0.0657,-0.014,0.197833333,0.132433333,0.121633333
41.09,0.26025,0.30775,0.26025,0.3072,0.3244,0.266,0.046333333,0.059333333,-0.022066667,0.196533333,0.130233333,0.114333333
41.26,0.2701,0.317,0.2701,0.3117,0.3269,0.2657,0.035766667,0.065066667,-0.024033333,0.1992,0.1379,0.1161
41.42,0.26075,0.31305,0.26075,0.301966667,0.323266667,0.257266667,0.052166667,0.072266667,-0.012333333,0.1905,0.1222,0.1185
41.59,0.2663,0.3167,0.2663,0.308766667,0.328466667,0.262466667,0.0471,0.0657,-0.0178,0.193266667,0.126566667,0.111266667
41.76,0.2695,0.3192,0.2695,0.310333333,0.323733333,0.261933333,0.047233333,0.071133333,-0.010466667,0.1911,0.127,0.1204
41.92,0.2732,0.3224,0.2732,0.308066667,0.324666667,0.265366667,0.051766667,0.066266667,-0.010833333,0.1886,0.1319,0.1282
42.09,0.2648,0.3117,0.2648,0.3067,0.3262,0.2579,0.047466667,0.068666667,-0.024233333,0.195566667,0.131966667,0.119766667
42.26,0.26165,0.31045,0.26165,0.302033333,0.321033333,0.260133333,0.044833333,0.069633333,-0.022966667,0.178033333,0.130733333,0.112733333
42.42,0.2553,0.3083,0.2553,0.310933333,0.333933333,0.266933333,0.0457,0.0691,-0.0145,0.179633333,0.128533333,0.117933333
42.59,0.26305,0.31435,0.26305,0.310933333,0.331833333,0.265933333,0.047366667,0.070766667,-0.010133333,0.194666667,0.134966667,0.121466667
42.76,0.2706,0.3171,0.2706,0.3046,0.3213,0.2596,0.0333,0.0686,-0.0107,0.185133333,0.131833333,0.115733333
42.92,0.26505,0.31455,0.26505,0.3109,0.3292,0.266,0.0352,0.0689,-0.0145,0.1818,0.1293,0.1185
43.09,0.25675,0.31085,0.25675,0.310766667,0.323666667,0.263466667,0.052533333,0.073533333,-0.011666667,0.194533333,0.135333333,0.118733333
43.26,0.2578,0.3131,0.2578,0.303766667,0.328466667,0.255066667,0.054933333,0.076133333,-0.015966667,0.185533333,0.138133333,0.128233333
43.42,0.26925,0.31715,0.26925,0.304033333,0.321033333,0.259333333,0.049433333,0.069733333,-0.015566667,0.1876,0.1325,0.1146
43.59,0.26395,0.31395,0.26395,0.307666667,0.328966667,0.263566667,0.046666667,0.072466667,-0.017633333,0.184066667,0.129666667,0.120566667
43.76,0.2678,0.3209,0.2678,0.310866667,0.327266667,0.262366667,0.049266667,0.073366667,-0.003933333,0.181466667,0.131866667,0.115166667
43.92,0.26425,0.31685,0.26425,0.3014,0.3226,0.2586,0.0477,0.0703,-0.0185,0.1866,0.1345,0.1193
44.09,0.26595,0.31365,0.26595,0.305266667,0.321366667,0.260766667,0.0499,0.0713,-0.0183,0.180733333,0.131933333,0.114833333
44.26,0.2724,0.3243,0.2724,0.307866667,0.331566667,0.262666667,0.046433333,0.075833333,-0.007766667,0.181566667,0.138466667,0.114566667
44.42,0.2641,0.3113,0.2641,0.305633333,0.326433333,0.260833333,0.0499,0.0713,-0.0169,0.1925,0.1358,0.1156
44.59,0.261,0.313,0.261,0.308366667,0.332566667,0.266266667,0.041933333,0.075133333,-0.009866667,0.182,0.131,0.1182
44.76,0.25615,0.30855,0.25615,0.304733333,0.328933333,0.265033333,0.0462,0.0666,-0.0108,0.191866667,0.138466667,0.112666667
44.93,0.26215,0.31665,0.26215,0.309066667,0.328366667,0.264666667,0.0371,0.0714,-0.0079,0.1846,0.131,0.1212
45.09,0.26865,0.31315,0.26865,0.3048,0.3264,0.2608,0.0554,0.0801,-0.0127,0.194466667,0.132966667,0.115566667
45.26,0.26415,0.31925,0.26415,0.304033333,0.329433333,0.261633333,0.046666667,0.062866667,-0.010833333,0.184066667,0.137966667,0.115466667
45.43,0.2662,0.3131,0.2662,0.300833333,0.330333333,0.262833333,0.047766667,0.076566667,-0.011233333,0.1854,0.1327,0.1187
45.59,0.267,0.3175,0.267,0.3043,0.3281,0.2578,0.036666667,0.059166667,-0.017733333,0.186133333,0.131333333,0.110933333