Reaction,Annotation
rxn14214,Lipid
rxn35662,
rxn01479,Lipid
rxn36758,Cofactors and vitamins
rxn19840,Amino acid
rxn19233,
rxn04446,Terpenoids and polyketides
rxn02944,Amino acid
EXpd01101,
rxn05204,Nucleotide
rxn36764,Cofactors and vitamins
EXpd19020,
rxn05231,Nucleotide
rxn00691,Carbohydrate
rxn45052,
rxn11735,
rxn31097,Secondary metabolites
rxn05831,Lipid
rxn34366,Terpenoids and polyketides
rxn20662,Cofactors and vitamins
rxn13681,
EXpd15297,
rxn03847,Xenobiotics
rxn46801,
rxn02877,Xenobiotics
rxn19567,Energy
rxn27481,Cofactors and vitamins
rxn00060,Cofactors and vitamins
rxn01313,Cofactors and vitamins
rxn01300,Amino acid
rxn20627,Cofactors and vitamins
rxn25273,Carbohydrate
rxn17079,Secondary metabolites
rxn31886,Cofactors and vitamins
rxn33155,Carbohydrate
rxn26079,Amino acid
rxn08444,Lipid
rxn12739,Cofactors and vitamins
rxn03916,Glycan
rxn34447,
rxn13722,
rxn09374,
rxn37934,Amino acid
rxn03164,Amino acid
rxn30207,Amino acid
rxn33628,Carbohydrate
rxn15105,Glycan
rxn38908,Amino acid
rxn01421,Amino acid
rxn33986,Amino acid
rxn32338,Amino acid
rxn30025,Cofactors and vitamins
rxn02622,Carbohydrate
rxn00102,Energy
rxn00342,Amino acid
rxn27982,Carbohydrate
rxn27521,Amino acid
rxn10186,
rxn00247,Carbohydrate
rxn15935,Cofactors and vitamins
rxn25716,Lipid
rxn01217,Nucleotide
rxn16211,Amino acid
rxn04719,Xenobiotics
rxn15826,Amino acid
rxn47869,
rxn10097,Energy
rxn24063,Cofactors and vitamins
rxn29990,
rxn44034,
rxn00122,Cofactors and vitamins
rxn00415,Amino acid
rxn00230,Carbohydrate
rxn05203,Nucleotide
rxn29728,Carbohydrate
rxn15934,Cofactors and vitamins
rxn33818,Amino acid
rxn28243,Energy
rxn16062,Terpenoids and polyketides
rxn43082,
rxn44504,
rxn12442,Carbohydrate
rxn19643,Nucleotide
rxn19955,Terpenoids and polyketides
rxn32483,Carbohydrate
rxn06105,Nucleotide
rxn15063,
rxn09896,Xenobiotics
rxn37160,Secondary metabolites
rxn01452,Xenobiotics
rxn07488,Carbohydrate
rxn35636,
EXpd00188,
rxn05519,
rxn18961,Carbohydrate
rxn12217,
rxn09016,Terpenoids and polyketides
rxn00272,Amino acid
rxn05915,Glycan
rxn24214,Terpenoids and polyketides
rxn02430,Cofactors and vitamins
rxn00852,Amino acid
rxn04453,Nucleotide
rxn30086,Amino acid
rxn36682,Lipid
rxn02806,Carbohydrate
rxn13931,Glycan
rxn33701,Xenobiotics
rxn05333,Lipid
rxn18974,Nucleotide
rxn00964,Xenobiotics
rxn05064,Energy
rxn01485,Carbohydrate
rxn32102,Amino acid
rxn19870,Amino acid
EXpd00128,
rxn23134,
EXpd02083,
rxn40007,
rxn15697,Carbohydrate
rxn09002,Terpenoids and polyketides
rxn02793,Lipid
rxn03750,Xenobiotics
rxn08393,Lipid
rxn16162,Terpenoids and polyketides
rxn00469,Amino acid
rxn27381,Amino acid
rxn47875,
rxn19740,Nucleotide
rxn30524,Energy
rxn10898,
rxn34495,
rxn15550,
rxn30549,Amino acid
rxn00938,Cofactors and vitamins
rxn09375,
rxn15925,Cofactors and vitamins
rxn33080,Xenobiotics
rxn02948,Xenobiotics
rxn15408,Carbohydrate
rxn00934,Carbohydrate
rxn00293,Carbohydrate
rxn34488,Xenobiotics
rxn00686,Cofactors and vitamins
rxn22986,Amino acid
rxn19010,Nucleotide
rxn35484,
rxn39917,
rxn03739,Xenobiotics
rxn02002,Terpenoids and polyketides
rxn07466,
rxn30393,
rxn07191,Carbohydrate
rxn22821,
rxn28115,Amino acid
rxn02193,Lipid
rxn00544,Carbohydrate
rxn03078,
rxn05356,Lipid
EXpd01092,
rxn26080,Amino acid
rxn00562,Nucleotide
rxn30034,
rxn16621,Amino acid
rxn07848,Energy
rxn33900,Carbohydrate
rxn00603,
rxn32193,Amino acid
rxn41546,
rxn16163,Terpenoids and polyketides
rxn00023,
rxn28198,
rxn32828,Cofactors and vitamins
rxn16212,Amino acid
rxn07621,Terpenoids and polyketides
rxn22819,
rxn33479,Lipid
rxn00007,Carbohydrate
rxn00958,Xenobiotics
rxn09803,Xenobiotics
rxn38381,Cofactors and vitamins
rxn05949,
rxn30194,Amino acid
rxn30550,
rxn39245,
rxn27265,
rxn10187,
rxn37645,Cofactors and vitamins
rxn07756,Secondary metabolites
rxn02380,Carbohydrate
rxn43573,
rxn18678,Nucleotide
rxn04321,Terpenoids and polyketides
rxn08323,
rxn05877,
rxn04378,Lipid
EXpd00214,
rxn16410,
rxn01256,Amino acid
rxn01003,Amino acid
rxn00345,Amino acid
EXpd03586,
rxn25164,Carbohydrate
rxn10180,Cofactors and vitamins
rxn01626,Nucleotide
rxn02288,Cofactors and vitamins
rxn07519,Xenobiotics
rxn16131,Xenobiotics
rxn11900,Cofactors and vitamins
rxn20496,
EXpd00269,
rxn02899,Xenobiotics
rxn06200,
rxn44831,
rxn40577,
rxn16560,
rxn26472,Terpenoids and polyketides
rxn11674,Terpenoids and polyketides
rxn03876,Xenobiotics
rxn05682,
rxn00999,Amino acid
rxn15048,Carbohydrate
rxn09001,Terpenoids and polyketides
rxn34259,
rxn01565,Amino acid
rxn10997,
rxn38810,
rxn34760,Carbohydrate
rxn04322,Terpenoids and polyketides
rxn00394,Amino acid
rxn10089,Energy
EXpd00300,
rxn19034,Carbohydrate
rxn17239,Cofactors and vitamins
rxn01200,Carbohydrate
rxn40664,
rxn01048,Energy
rxn39301,
rxn35655,
rxn10157,Energy
rxn05289,Nucleotide
rxn19683,
rxn00722,Xenobiotics
rxn00656,Amino acid
rxn00937,Amino acid
rxn16827,Nucleotide
rxn26476,Terpenoids and polyketides
rxn12579,Cofactors and vitamins
rxn00141,Amino acid
rxn00421,
rxn09433,Lipid
rxn15047,Carbohydrate
rxn10621,Amino acid
rxn04954,Cofactors and vitamins
rxn03488,Carbohydrate
EXpd00207,
rxn26463,Terpenoids and polyketides
rxn09450,Lipid
rxn14293,Terpenoids and polyketides
EXpd01080,
rxn30388,Cofactors and vitamins
rxn00327,Nucleotide
rxn01670,Cofactors and vitamins
rxn14353,
rxn04158,Cofactors and vitamins
rxn00895,Carbohydrate
rxn41564,
rxn03200,Lipid
rxn00625,
rxn11007,Amino acid
rxn32289,
rxn07606,Xenobiotics
rxn00429,Xenobiotics
rxn01690,Lipid
rxn15334,Nucleotide
EXpd00356,
rxn37266,Cofactors and vitamins
rxn03806,Terpenoids and polyketides
rxn33602,
rxn34538,
rxn17704,
rxn36687,Lipid
EXpd00533,
rxn09288,
rxn01166,Lipid
rxn30153,
rxn07168,Secondary metabolites
rxn02756,Cofactors and vitamins
rxn02768,Carbohydrate
rxn08311,
rxn11077,Cofactors and vitamins
rxn00703,
rxn15112,Nucleotide
rxn39598,
rxn00148,Carbohydrate
rxn16139,Energy
rxn09889,Xenobiotics
rxn04311,Terpenoids and polyketides
rxn38543,Cofactors and vitamins
rxn08168,Cofactors and vitamins
rxn29986,Nucleotide
rxn44951,
rxn30021,Carbohydrate
rxn08447,
rxn31793,Terpenoids and polyketides
rxn12931,
rxn06883,Carbohydrate
rxn14207,Energy
rxn03201,Lipid
rxn01442,
rxn26196,
rxn12881,
rxn08066,
EXpd00353,
rxn32757,Energy
rxn01141,
rxn13106,Nucleotide
rxn09338,Lipid
rxn39013,Xenobiotics
rxn00146,Carbohydrate
rxn28350,Cofactors and vitamins
rxn09720,Amino acid
rxn36685,Lipid
rxn36392,Lipid
rxn04740,Xenobiotics
rxn08019,
rxn39322,Lipid
rxn27228,Nucleotide
rxn04952,
rxn01869,Carbohydrate
rxn03918,Glycan
rxn31565,Cofactors and vitamins
rxn16321,Carbohydrate
rxn12592,Cofactors and vitamins
rxn08761,Lipid
rxn00118,
rxn09326,
EXpd00609,
rxn13116,
rxn15860,Secondary metabolites
rxn00183,Amino acid
rxn33589,Xenobiotics
rxn09824,Xenobiotics
rxn38905,Amino acid
rxn00971,Energy
rxn04789,Amino acid
rxn00688,Cofactors and vitamins
rxn00530,Amino acid
rxn11601,
rxn05316,Lipid
EXpd00216,
rxn16024,Xenobiotics
rxn29179,Carbohydrate
rxn00851,
rxn28110,Carbohydrate
rxn29628,Carbohydrate
rxn10906,Cofactors and vitamins
rxn02509,Cofactors and vitamins
rxn08459,Cofactors and vitamins
rxn29991,
EXpd00010,
rxn08922,
rxn01663,Amino acid
rxn01299,Nucleotide
rxn11759,Xenobiotics
rxn31182,Cofactors and vitamins
rxn30592,Nucleotide
rxn07755,Secondary metabolites
rxn05317,Lipid
rxn24321,
rxn03764,Secondary metabolites
rxn33591,Xenobiotics
rxn00105,Cofactors and vitamins
rxn31084,Amino acid
rxn15632,Carbohydrate
rxn10432,
rxn00364,Nucleotide
rxn10615,Amino acid
rxn15094,Amino acid
rxn13409,Terpenoids and polyketides
rxn31767,Nucleotide
rxn15847,Secondary metabolites
rxn05734,
rxn15116,Carbohydrate
rxn09462,Amino acid
rxn08242,
rxn34267,Carbohydrate
rxn00282,Amino acid
rxn19993,Amino acid
rxn09442,Lipid
rxn00392,Cofactors and vitamins
rxn03920,Xenobiotics
rxn12264,
rxn15500,Amino acid
rxn02466,Amino acid
rxn02404,Glycan
rxn44864,
rxn32862,Lipid
rxn30218,
rxn00737,Amino acid
rxn11751,Amino acid
rxn29237,Xenobiotics
rxn02888,Amino acid
rxn14229,
rxn15873,Terpenoids and polyketides
rxn03716,Xenobiotics
rxn00104,Cofactors and vitamins
rxn27897,Amino acid
rxn08044,Carbohydrate
rxn00252,Carbohydrate
rxn24940,
rxn09370,
rxn05636,
rxn14191,Carbohydrate
rxn15147,Nucleotide
rxn14276,Lipid
rxn16328,
rxn30717,Glycan
rxn37888,Carbohydrate
rxn06610,Lipid
rxn03762,Secondary metabolites
rxn00931,Amino acid
rxn34712,Lipid
rxn20163,Amino acid
rxn00409,Nucleotide
rxn16193,Terpenoids and polyketides
rxn14048,Carbohydrate
rxn12169,
rxn10098,Energy
rxn29456,Carbohydrate
rxn02028,Amino acid
rxn29365,Carbohydrate
rxn11858,Energy
rxn03487,Carbohydrate
rxn11207,
rxn26130,Carbohydrate
rxn03533,Cofactors and vitamins
rxn09355,
rxn00806,Amino acid
rxn01739,Amino acid
rxn07254,Lipid
rxn01219,Nucleotide
rxn11902,Cofactors and vitamins
rxn37980,
rxn32486,Carbohydrate
rxn01314,Cofactors and vitamins
rxn16620,Amino acid
rxn26478,Terpenoids and polyketides
rxn30446,Nucleotide
rxn19240,
rxn05693,
rxn02696,Carbohydrate
rxn15190,Carbohydrate
rxn00709,Nucleotide
rxn33815,Amino acid
rxn16838,Cofactors and vitamins
rxn00267,Amino acid
rxn01680,Amino acid
rxn35456,Cofactors and vitamins
rxn48018,
rxn03050,
rxn03130,Glycan
rxn14135,
rxn33181,Nucleotide
rxn16843,Energy
rxn27773,
rxn01524,Nucleotide
rxn00566,Amino acid
rxn11209,
rxn33316,Energy
rxn30508,
rxn00713,Nucleotide
rxn03915,Xenobiotics
rxn38467,Cofactors and vitamins
rxn06329,Cofactors and vitamins
rxn33838,
rxn00393,
rxn16512,Carbohydrate
rxn01377,Amino acid
rxn08968,Cofactors and vitamins
rxn03563,Xenobiotics
rxn04478,Terpenoids and polyketides
rxn00520,Carbohydrate
rxn00973,
rxn00356,Carbohydrate
rxn00134,Nucleotide
rxn10057,Energy
rxn04377,Lipid
rxn00417,
rxn03251,Lipid
rxn10978,Amino acid
rxn13281,
rxn27427,Carbohydrate
rxn46555,
rxn04795,Xenobiotics
rxn12212,
rxn16618,Amino acid
rxn00507,Carbohydrate
rxn09451,Lipid
rxn00897,Carbohydrate
rxn08854,
EXpd08023,
rxn34352,
rxn32767,
rxn08998,
rxn15503,
rxn37222,Cofactors and vitamins
rxn27428,Carbohydrate
rxn15539,
rxn39979,Xenobiotics
rxn01439,Carbohydrate
rxn38026,Cofactors and vitamins
rxn13989,Terpenoids and polyketides
rxn32996,Carbohydrate
rxn31753,Amino acid
rxn23648,
rxn11734,Amino acid
rxn05902,
rxn40611,
rxn08114,Carbohydrate
rxn01213,Terpenoids and polyketides
rxn15091,Amino acid
rxn01483,Carbohydrate
rxn16053,Terpenoids and polyketides
rxn36683,Lipid
rxn00022,Carbohydrate
rxn03034,Amino acid
rxn00901,
rxn11859,Energy
rxn30008,
rxn16045,Xenobiotics
rxn36681,Lipid
rxn03882,Xenobiotics
rxn01517,Nucleotide
rxn33446,Carbohydrate
rxn01746,Nucleotide
rxn04593,Secondary metabolites
rxn08068,Lipid
rxn00796,Nucleotide
rxn10052,Energy
rxn01151,
rxn47880,
rxn27670,Amino acid
rxn19730,Terpenoids and polyketides
rxn01006,Carbohydrate
rxn02083,Amino acid
rxn33603,Energy
rxn10056,Energy
rxn15831,Amino acid
rxn10897,Cofactors and vitamins
rxn13812,
rxn16129,Terpenoids and polyketides
rxn05109,Amino acid
rxn02431,Energy
rxn33629,Amino acid
rxn30071,Amino acid
rxn08434,Lipid
rxn01148,
rxn00991,
rxn28612,Amino acid
rxn14026,Lipid
rxn07487,Carbohydrate
rxn24064,Cofactors and vitamins
rxn05491,
rxn23441,Secondary metabolites
rxn05214,Nucleotide
rxn40743,
rxn00602,Amino acid
rxn03146,Glycan
rxn12933,
rxn09463,Amino acid
rxn00403,Amino acid
rxn39005,Secondary metabolites
EXpd03718,
EXpd00025,
rxn04479,Terpenoids and polyketides
EXpd00343,
rxn46750,
rxn07341,Terpenoids and polyketides
rxn11004,Amino acid
rxn39247,
rxn14202,
rxn08016,
rxn33147,
rxn16128,Terpenoids and polyketides
rxn19806,Carbohydrate
rxn08682,Cofactors and vitamins
rxn00113,Amino acid
rxn32794,Amino acid
rxn10434,
rxn00234,Carbohydrate
rxn34509,
rxn09422,Lipid
EXpd15269,
rxn03734,Xenobiotics
rxn38906,Amino acid
rxn10074,Energy
rxn05948,
rxn39962,
rxn26470,Terpenoids and polyketides
rxn37672,Lipid
rxn14007,Lipid
rxn13519,
rxn24213,
rxn40324,Terpenoids and polyketides
rxn04592,Secondary metabolites
rxn10099,Energy
rxn04782,Xenobiotics
rxn02445,Lipid
rxn03658,Secondary metabolites
EXpd00022,
rxn04445,Terpenoids and polyketides
rxn15852,Secondary metabolites
rxn39449,Amino acid
rxn01375,Nucleotide
rxn19848,Amino acid
rxn12780,Carbohydrate
rxn27927,Carbohydrate
rxn40059,
rxn12009,Xenobiotics
rxn00097,Nucleotide
rxn34089,Xenobiotics
rxn15118,Nucleotide
rxn15045,Carbohydrate
rxn32227,
rxn04547,Terpenoids and polyketides
rxn19645,Nucleotide
rxn27104,Amino acid
rxn10623,Amino acid
rxn02989,Amino acid
rxn30469,
rxn29052,
rxn01368,Nucleotide
rxn09327,Nucleotide
EXpd01133,
rxn16619,Amino acid
rxn15171,
rxn12303,
rxn30254,
rxn33502,Carbohydrate
rxn19140,
rxn21635,
rxn01304,Amino acid
rxn11274,Nucleotide
rxn16144,Xenobiotics
rxn19202,Amino acid
rxn12210,Carbohydrate
rxn00383,Energy
rxn00799,Carbohydrate
EXpd00036,
rxn00276,
rxn36688,Lipid
rxn32831,