Duration (Hours),PGY (Modified) Media,PGY (Modified) Media,PGY (Modified) Media,A. christensenii SM,A. christensenii SM,A. christensenii SM,F. vaginae SM,F. vaginae SM,F. vaginae SM,A. tetradius SM,A. tetradius SM,A. tetradius SM,E. massiliensis SM,E. massiliensis SM,E. massiliensis SM,C. bergeronii SM,C. bergeronii SM,C. bergeronii SM,A. marseille SM,A. marseille SM,A. marseille SM,L. jensenii SM,L. jensenii SM,L. jensenii SM,A. lactolyticus SM,A. lactolyticus SM,A. lactolyticus SM,P. vaginalis SM,P. vaginalis SM,P. vaginalis SM,V. bacterium SM,V. bacterium SM,V. bacterium SM,M. curtisii SM,M. curtisii SM,M. curtisii SM
0,0.092133333,0.062133333,0.006333333,0.036833333,0.052033333,0.005233333,0.042233333,0.045333333,0.008233333,0.032533333,0.049533333,0.006733333,0.033066667,0.045466667,0.015866667,0.0144,0.018,-0.0011,0.037066667,0.046866667,0.015766667,0.036366667,0.047766667,0.022266667,0.0481,0.0388,0.021,0.084266667,0.073566667,-0.005333333,0.047,0.0391,0.0061,0.0578,0.0427,0.0179
0.08,0.0789,0.0609,0.0118,0.035966667,0.051066667,0.005166667,0.0398,0.0438,0.01,0.0306,0.0494,0.008,0.032166667,0.044466667,0.013766667,0.011833333,0.016633333,-0.006666667,0.036,0.0441,0.0136,0.036133333,0.045933333,0.019933333,0.045,0.0406,0.0227,0.0925,0.0758,-0.0053,0.0457,0.0413,0.0087,0.0543,0.0409,0.0142
0.17,0.080666667,0.060666667,0.010666667,0.035366667,0.047666667,0.004366667,0.0359,0.0438,0.0084,0.029733333,0.044733333,0.007933333,0.033166667,0.044166667,0.016066667,0.013266667,0.016566667,-0.010733333,0.036666667,0.044666667,0.013166667,0.0399,0.0487,0.0201,0.045333333,0.042233333,0.022833333,0.084866667,0.075566667,-0.002533333,0.047833333,0.044333333,0.013333333,0.055066667,0.045766667,0.018266667
0.25,0.079566667,0.059366667,0.007366667,0.032133333,0.045533333,0.004633333,0.037466667,0.044366667,0.010766667,0.032466667,0.044666667,0.011366667,0.033633333,0.043433333,0.014133333,0.014166667,0.014966667,-0.018433333,0.038066667,0.047566667,0.014266667,0.0409,0.0467,0.0155,0.0438,0.0419,0.0198,0.078366667,0.073466667,-0.000833333,0.0493,0.0465,0.0184,0.0521,0.0495,0.0212
0.33,0.0794,0.0593,0.0061,0.0335,0.0494,0.0077,0.035433333,0.043433333,0.012133333,0.0316,0.0473,0.0122,0.033466667,0.042066667,0.013766667,0.015733333,0.015333333,-0.019366667,0.042933333,0.051033333,0.017833333,0.041833333,0.047033333,0.011233333,0.0441,0.0417,0.0203,0.074733333,0.073233333,0.002633333,0.0505,0.0474,0.0207,0.051266667,0.049766667,0.022866667
0.42,0.079266667,0.059466667,0.008466667,0.027766667,0.051266667,0.008666667,0.036666667,0.044666667,0.016266667,0.0314,0.0466,0.0152,0.031833333,0.038633333,0.013433333,0.015466667,0.011766667,-0.024033333,0.046366667,0.052766667,0.020766667,0.041,0.0467,0.0104,0.045266667,0.044166667,0.022466667,0.074433333,0.073933333,0.004333333,0.0513,0.0492,0.0241,0.052533333,0.050333333,0.024533333
0.5,0.078633333,0.058433333,0.006133333,0.0279,0.05,0.0092,0.034266667,0.045866667,0.013966667,0.029733333,0.046833333,0.012233333,0.033766667,0.040066667,0.013566667,0.0168,0.0098,-0.0263,0.048033333,0.050833333,0.019833333,0.039733333,0.046733333,0.010833333,0.043833333,0.043533333,0.022733333,0.072933333,0.074333333,0.003933333,0.051266667,0.050266667,0.024966667,0.0533,0.0543,0.0271
0.58,0.076833333,0.057533333,0.005933333,0.028766667,0.052266667,0.010366667,0.036233333,0.045433333,0.015433333,0.029033333,0.043033333,0.012833333,0.0316,0.0384,0.0153,0.016733333,0.010933333,-0.025666667,0.050633333,0.050233333,0.019433333,0.0401,0.047,0.0121,0.043433333,0.044333333,0.023933333,0.067366667,0.074666667,0.003466667,0.049866667,0.049866667,0.026866667,0.0516,0.0555,0.0285
0.67,0.074533333,0.057333333,0.005833333,0.028666667,0.052966667,0.009066667,0.037133333,0.046633333,0.017133333,0.0284,0.0431,0.0122,0.034033333,0.041033333,0.016033333,0.018933333,0.011033333,-0.026866667,0.047033333,0.051233333,0.020333333,0.0424,0.0451,0.0123,0.045266667,0.045566667,0.025566667,0.064566667,0.075066667,0.001866667,0.049033333,0.048733333,0.027233333,0.0513,0.0579,0.0289
0.75,0.0765,0.0573,0.0062,0.0266,0.054,0.01,0.040066667,0.047566667,0.021166667,0.029666667,0.043766667,0.011766667,0.033633333,0.042133333,0.014233333,0.0182,0.0067,-0.0288,0.049233333,0.053833333,0.022633333,0.043466667,0.044066667,0.011666667,0.0429,0.0436,0.0221,0.064033333,0.074533333,0.004633333,0.051333333,0.051033333,0.029633333,0.0511,0.058,0.0317
0.83,0.0765,0.0566,0.0043,0.0265,0.0545,0.0091,0.0411,0.0487,0.0224,0.030366667,0.047566667,0.011166667,0.036566667,0.042766667,0.015266667,0.013566667,0.004266667,-0.030933333,0.046633333,0.054333333,0.022533333,0.041966667,0.045966667,0.009866667,0.044866667,0.046466667,0.022366667,0.062266667,0.076166667,0.008566667,0.053,0.0528,0.0314,0.053566667,0.057866667,0.030666667
0.92,0.0788,0.0584,0.0069,0.0294,0.0546,0.0106,0.0393,0.0491,0.0222,0.0328,0.0495,0.0108,0.036966667,0.044566667,0.014666667,0.0153,0.0085,-0.03,0.048966667,0.057466667,0.023166667,0.040833333,0.046533333,0.009333333,0.044266667,0.044166667,0.023166667,0.0612,0.0764,0.0094,0.053433333,0.053333333,0.033033333,0.053333333,0.058533333,0.032433333
1,0.077133333,0.058933333,0.007033333,0.0311,0.0564,0.013,0.0414,0.0512,0.0243,0.034033333,0.049233333,0.011533333,0.039633333,0.044333333,0.015033333,0.015466667,0.008666667,-0.031433333,0.0506,0.0604,0.0255,0.041766667,0.048566667,0.010266667,0.046866667,0.045366667,0.024766667,0.059933333,0.075633333,0.011333333,0.054333333,0.054933333,0.034733333,0.056033333,0.060733333,0.035133333
1.08,0.078333333,0.059233333,0.009533333,0.0301,0.0572,0.0127,0.0419,0.0511,0.0249,0.030133333,0.047633333,0.013533333,0.041833333,0.043533333,0.017533333,0.015133333,0.011633333,-0.029866667,0.050966667,0.061566667,0.025966667,0.0419,0.0479,0.0101,0.0462,0.047,0.0252,0.0593,0.0765,0.0108,0.055933333,0.056833333,0.034133333,0.056266667,0.059166667,0.033866667
1.17,0.078633333,0.058833333,0.011033333,0.031233333,0.057533333,0.011433333,0.042266667,0.052166667,0.024466667,0.030366667,0.048466667,0.013066667,0.043466667,0.046566667,0.019966667,0.015833333,0.012133333,-0.026966667,0.051233333,0.060733333,0.025433333,0.0405,0.0462,0.0071,0.046433333,0.047133333,0.026233333,0.059566667,0.076466667,0.016066667,0.0567,0.0578,0.0345,0.058133333,0.060733333,0.034033333
1.25,0.0798,0.057,0.0112,0.032133333,0.056033333,0.012533333,0.041633333,0.050933333,0.025733333,0.029033333,0.046333333,0.011433333,0.046566667,0.050566667,0.023266667,0.0158,0.0137,-0.0272,0.053333333,0.060933333,0.027033333,0.040466667,0.045666667,0.005466667,0.047433333,0.049033333,0.027733333,0.058733333,0.076933333,0.014833333,0.057566667,0.058566667,0.036666667,0.0578,0.0599,0.0343
1.33,0.0778,0.0586,0.0091,0.0329,0.0575,0.0127,0.041833333,0.050833333,0.024733333,0.030933333,0.046533333,0.011233333,0.045866667,0.051866667,0.023966667,0.0187,0.0171,-0.0247,0.053933333,0.063533333,0.024633333,0.039766667,0.045066667,0.003366667,0.049166667,0.052866667,0.031366667,0.059833333,0.076433333,0.018233333,0.056833333,0.058633333,0.037033333,0.059933333,0.060033333,0.034633333
1.42,0.0802,0.0591,0.0083,0.0358,0.0599,0.0138,0.041433333,0.050733333,0.024733333,0.0329,0.0491,0.0138,0.050833333,0.054433333,0.028933333,0.018866667,0.018566667,-0.021133333,0.055866667,0.064866667,0.026766667,0.039733333,0.045233333,0.004833333,0.048933333,0.051033333,0.030933333,0.059166667,0.075966667,0.013666667,0.0583,0.0585,0.0393,0.061133333,0.061033333,0.036233333
1.5,0.080766667,0.059366667,0.009166667,0.0368,0.0617,0.0169,0.043566667,0.050666667,0.026066667,0.033933333,0.048133333,0.014133333,0.051066667,0.055366667,0.027466667,0.019633333,0.018533333,-0.021966667,0.0567,0.0661,0.0267,0.039666667,0.043266667,0.005166667,0.049866667,0.054266667,0.031866667,0.0614,0.0765,0.0114,0.060766667,0.061066667,0.040766667,0.060166667,0.063366667,0.036866667
1.58,0.083833333,0.062433333,0.013233333,0.0372,0.0624,0.0202,0.044,0.0521,0.028,0.0359,0.0463,0.0162,0.051733333,0.058433333,0.030333333,0.023133333,0.023033333,-0.017666667,0.0594,0.0681,0.0287,0.0408,0.0435,0.006,0.050366667,0.053066667,0.030866667,0.0617,0.077,0.011,0.062466667,0.063366667,0.041066667,0.0606,0.0659,0.0395
1.67,0.0858,0.0636,0.0133,0.038433333,0.062533333,0.021233333,0.044666667,0.051566667,0.030266667,0.036333333,0.049133333,0.016233333,0.055,0.0622,0.0338,0.021233333,0.022433333,-0.018566667,0.0591,0.0684,0.0302,0.040466667,0.043166667,0.005366667,0.050666667,0.054466667,0.030866667,0.0632,0.079,0.0127,0.063433333,0.065433333,0.041733333,0.063466667,0.066966667,0.041366667
1.75,0.085033333,0.064433333,0.012433333,0.0392,0.0622,0.0209,0.0451,0.0523,0.0301,0.034766667,0.048966667,0.014966667,0.057566667,0.065166667,0.035766667,0.022366667,0.023466667,-0.017733333,0.061833333,0.069733333,0.032633333,0.04,0.0434,0.0026,0.052366667,0.055566667,0.029866667,0.066566667,0.079166667,0.015566667,0.066,0.0651,0.0424,0.062633333,0.065533333,0.039333333
1.83,0.0841,0.0646,0.0127,0.042433333,0.064733333,0.022633333,0.046066667,0.052866667,0.029766667,0.035866667,0.048966667,0.016766667,0.059433333,0.068233333,0.039333333,0.0245,0.0262,-0.015,0.0638,0.0712,0.0335,0.040933333,0.044633333,0.002333333,0.056066667,0.057966667,0.032666667,0.0666,0.08,0.0179,0.065566667,0.065166667,0.042066667,0.0612,0.0671,0.0387
1.92,0.085966667,0.065266667,0.015566667,0.0446,0.0674,0.0238,0.046733333,0.052633333,0.029533333,0.035533333,0.049933333,0.016733333,0.0624,0.0702,0.0404,0.0252,0.0263,-0.0131,0.066133333,0.074233333,0.037533333,0.0397,0.0451,0.0047,0.058466667,0.059166667,0.035866667,0.0682,0.0824,0.0192,0.067033333,0.066133333,0.045333333,0.062033333,0.067533333,0.042633333
2,0.088666667,0.065566667,0.014866667,0.042966667,0.068166667,0.023466667,0.048,0.0508,0.0294,0.0318,0.0498,0.0174,0.065866667,0.074966667,0.044566667,0.026766667,0.028366667,-0.010433333,0.066833333,0.075133333,0.038933333,0.040533333,0.044133333,0.004633333,0.056733333,0.060633333,0.035533333,0.0714,0.0831,0.0257,0.068866667,0.067666667,0.047966667,0.066066667,0.069766667,0.044966667
2.08,0.089833333,0.065933333,0.017633333,0.0454,0.0687,0.0258,0.0476,0.0501,0.0282,0.0334,0.0449,0.0182,0.0696,0.0764,0.0497,0.025433333,0.026733333,-0.012066667,0.0698,0.0759,0.0404,0.038566667,0.042066667,0.004666667,0.0579,0.0616,0.0356,0.073833333,0.085033333,0.028933333,0.070033333,0.070433333,0.050433333,0.0698,0.0739,0.0467
2.17,0.0896,0.0678,0.019,0.0457,0.07,0.0253,0.047933333,0.051333333,0.029733333,0.033833333,0.046833333,0.019133333,0.072966667,0.082266667,0.055066667,0.0256,0.029,-0.0077,0.069866667,0.077366667,0.041766667,0.039233333,0.043933333,0.005433333,0.058666667,0.061666667,0.036966667,0.075333333,0.088033333,0.032833333,0.0715,0.0736,0.054,0.070833333,0.076133333,0.049133333
2.25,0.089566667,0.069066667,0.020666667,0.046466667,0.070866667,0.024766667,0.0459,0.0536,0.0292,0.0372,0.0488,0.0206,0.075566667,0.084366667,0.057466667,0.028033333,0.030533333,-0.006466667,0.071666667,0.079966667,0.044666667,0.038066667,0.045566667,0.004666667,0.059733333,0.064733333,0.040333333,0.077333333,0.090933333,0.035433333,0.073766667,0.075866667,0.057066667,0.073166667,0.078866667,0.053566667
2.33,0.091533333,0.073133333,0.025933333,0.047766667,0.072966667,0.027866667,0.0469,0.054,0.0292,0.0345,0.0496,0.0213,0.079633333,0.086733333,0.062133333,0.033166667,0.033566667,-0.003933333,0.0735,0.0819,0.0463,0.0373,0.0452,0.0019,0.057433333,0.064833333,0.040533333,0.078466667,0.092566667,0.037066667,0.0751,0.0766,0.0602,0.0728,0.0808,0.055
2.42,0.094633333,0.075733333,0.029633333,0.049,0.0749,0.0282,0.0462,0.0532,0.0274,0.036366667,0.050666667,0.021566667,0.0842,0.0914,0.0673,0.036533333,0.036633333,-0.001266667,0.073633333,0.084633333,0.049433333,0.036766667,0.043566667,0.001166667,0.058633333,0.066333333,0.041533333,0.081933333,0.096533333,0.039833333,0.077766667,0.079966667,0.062866667,0.074033333,0.081033333,0.054833333
2.5,0.095866667,0.077066667,0.030066667,0.0534,0.0775,0.0288,0.047566667,0.055366667,0.028566667,0.038233333,0.053733333,0.019733333,0.0893,0.0969,0.0714,0.039766667,0.039066667,0.001366667,0.075333333,0.085733333,0.052133333,0.036733333,0.044733333,0.001933333,0.062533333,0.067733333,0.044833333,0.0823,0.099,0.0426,0.0807,0.0815,0.0662,0.075266667,0.080666667,0.054966667
2.58,0.0959,0.0783,0.032,0.0554,0.0792,0.03,0.049066667,0.055466667,0.030866667,0.038566667,0.054966667,0.018566667,0.0933,0.1019,0.0758,0.0414,0.0398,0.0018,0.080533333,0.089633333,0.055533333,0.037066667,0.042766667,0.001766667,0.064133333,0.067433333,0.042933333,0.084666667,0.102566667,0.044466667,0.082333333,0.084433333,0.067033333,0.0778,0.0815,0.0589
2.67,0.0987,0.0804,0.0333,0.057033333,0.082633333,0.034333333,0.050466667,0.057366667,0.031366667,0.041133333,0.054933333,0.021533333,0.0955,0.1062,0.079,0.0444,0.0427,0.0052,0.082266667,0.090866667,0.056766667,0.0388,0.0445,0.0034,0.066666667,0.069166667,0.045166667,0.0877,0.1037,0.0458,0.084466667,0.086466667,0.067766667,0.077633333,0.083533333,0.060933333
2.75,0.101433333,0.082833333,0.036833333,0.0607,0.0844,0.0381,0.052166667,0.057566667,0.032666667,0.041833333,0.054233333,0.022433333,0.101566667,0.112166667,0.084866667,0.0461,0.0468,0.0085,0.084566667,0.093666667,0.059066667,0.038933333,0.042833333,0.003633333,0.067066667,0.069266667,0.044366667,0.090466667,0.107566667,0.051766667,0.087466667,0.089866667,0.069366667,0.080566667,0.086666667,0.063066667
2.83,0.102366667,0.084066667,0.038766667,0.063233333,0.086933333,0.041633333,0.0538,0.0574,0.0329,0.040833333,0.053133333,0.020833333,0.1059,0.1163,0.0896,0.050233333,0.049033333,0.011433333,0.087033333,0.097433333,0.062333333,0.037933333,0.043633333,0.004533333,0.0667,0.0704,0.0466,0.0936,0.1107,0.0529,0.090666667,0.093866667,0.074266667,0.0819,0.0906,0.0663
2.92,0.105533333,0.087533333,0.042933333,0.067633333,0.089733333,0.043933333,0.052033333,0.057833333,0.031933333,0.042266667,0.054666667,0.020366667,0.111333333,0.120433333,0.092333333,0.053066667,0.053066667,0.015066667,0.088533333,0.099133333,0.065633333,0.039666667,0.045766667,0.007166667,0.066633333,0.070833333,0.048133333,0.0978,0.1131,0.0566,0.094966667,0.097866667,0.076966667,0.086666667,0.093166667,0.068866667
3,0.105966667,0.088566667,0.042666667,0.071166667,0.092566667,0.049666667,0.0526,0.059,0.0333,0.0444,0.0578,0.0228,0.118,0.1273,0.1001,0.056433333,0.054733333,0.017633333,0.092533333,0.104333333,0.071133333,0.039066667,0.043166667,0.004866667,0.0683,0.0709,0.0478,0.1016,0.118,0.0633,0.098533333,0.101533333,0.079833333,0.089233333,0.094933333,0.070933333
3.08,0.1083,0.0885,0.0432,0.074533333,0.095733333,0.054233333,0.0545,0.0613,0.0345,0.0442,0.0566,0.0219,0.123666667,0.134466667,0.106566667,0.059966667,0.059566667,0.021766667,0.094833333,0.105533333,0.074133333,0.038433333,0.043533333,0.005033333,0.069533333,0.072433333,0.048633333,0.105466667,0.121166667,0.065466667,0.101466667,0.104866667,0.083966667,0.094,0.099,0.0729
3.17,0.110766667,0.093466667,0.047766667,0.0789,0.0995,0.0563,0.0541,0.06,0.034,0.0453,0.0567,0.0205,0.130333333,0.140633333,0.112633333,0.063,0.0622,0.0248,0.100466667,0.109466667,0.078566667,0.037233333,0.042533333,0.005433333,0.070533333,0.073433333,0.047933333,0.1128,0.1277,0.073,0.1074,0.1086,0.0894,0.097733333,0.103933333,0.077833333
3.25,0.113,0.0949,0.0511,0.083466667,0.103366667,0.058766667,0.053966667,0.060766667,0.035566667,0.046366667,0.057866667,0.022166667,0.137333333,0.147933333,0.119933333,0.0674,0.066,0.0277,0.106533333,0.113033333,0.082133333,0.039066667,0.043366667,0.006366667,0.0721,0.074,0.05,0.114233333,0.131833333,0.077133333,0.111833333,0.111733333,0.094733333,0.101033333,0.107733333,0.080933333
3.33,0.114333333,0.097733333,0.055833333,0.086266667,0.105366667,0.062266667,0.0543,0.0624,0.0368,0.0452,0.0584,0.0247,0.142666667,0.154166667,0.127066667,0.070133333,0.068233333,0.030933333,0.111833333,0.117633333,0.085433333,0.0388,0.0443,0.0042,0.073,0.0735,0.0516,0.119766667,0.136566667,0.081566667,0.117566667,0.117666667,0.100766667,0.101866667,0.110066667,0.085666667
3.42,0.119166667,0.102366667,0.058966667,0.089833333,0.109533333,0.063533333,0.055833333,0.061333333,0.037933333,0.047033333,0.059533333,0.025933333,0.1492,0.1583,0.1335,0.0739,0.0736,0.036,0.118433333,0.123833333,0.092333333,0.038733333,0.044333333,0.003233333,0.073266667,0.074966667,0.052066667,0.1254,0.1427,0.0897,0.122766667,0.124066667,0.106666667,0.103766667,0.113566667,0.088366667
3.5,0.1205,0.105,0.0609,0.093833333,0.111333333,0.066433333,0.057633333,0.063733333,0.037033333,0.048533333,0.060533333,0.027733333,0.1568,0.1648,0.1408,0.077666667,0.077866667,0.040166667,0.121,0.1263,0.095,0.0388,0.0439,0.0043,0.073533333,0.073633333,0.052033333,0.1303,0.1467,0.0949,0.127566667,0.130266667,0.111866667,0.1071,0.1175,0.0923
3.58,0.1244,0.1107,0.0654,0.097133333,0.115233333,0.071233333,0.059266667,0.064066667,0.039066667,0.049133333,0.061933333,0.028233333,0.1624,0.1707,0.1473,0.082833333,0.082533333,0.044633333,0.125933333,0.131533333,0.099933333,0.038866667,0.043466667,0.004966667,0.073533333,0.073633333,0.051533333,0.135166667,0.151266667,0.101766667,0.1317,0.1337,0.1158,0.113233333,0.123133333,0.099833333
3.67,0.1267,0.1124,0.0673,0.100533333,0.118533333,0.074833333,0.058333333,0.065633333,0.039433333,0.051033333,0.062533333,0.030433333,0.169233333,0.176533333,0.152933333,0.0861,0.0862,0.0485,0.132133333,0.138833333,0.106433333,0.039566667,0.043466667,0.005966667,0.072833333,0.074333333,0.052133333,0.1396,0.1545,0.1069,0.1399,0.1405,0.1223,0.114566667,0.126466667,0.104466667
3.75,0.133666667,0.119366667,0.074766667,0.106366667,0.124166667,0.080966667,0.059833333,0.067133333,0.038933333,0.052466667,0.063966667,0.029366667,0.1766,0.1847,0.1592,0.091233333,0.090933333,0.053533333,0.1367,0.1425,0.1108,0.039566667,0.043466667,0.004766667,0.0728,0.0744,0.0533,0.146033333,0.159633333,0.112533333,0.1455,0.1456,0.1275,0.120066667,0.130666667,0.109566667
3.83,0.136466667,0.122066667,0.079366667,0.110866667,0.128766667,0.086966667,0.061333333,0.066033333,0.041033333,0.051466667,0.063066667,0.028766667,0.1823,0.1901,0.1652,0.096233333,0.094733333,0.058433333,0.141766667,0.147766667,0.117466667,0.040066667,0.044666667,0.004266667,0.0746,0.0756,0.052,0.151233333,0.164833333,0.117233333,0.151866667,0.152666667,0.134366667,0.1246,0.1363,0.1145
3.92,0.143066667,0.128466667,0.086866667,0.115266667,0.132966667,0.090366667,0.0608,0.0681,0.0407,0.0514,0.0637,0.0273,0.187733333,0.196333333,0.171833333,0.101433333,0.099933333,0.063933333,0.149333333,0.154833333,0.124933333,0.039733333,0.044333333,0.003033333,0.074033333,0.074633333,0.052533333,0.1568,0.1715,0.1244,0.1566,0.1584,0.1393,0.130366667,0.140566667,0.120266667
4,0.1473,0.1347,0.0934,0.119233333,0.136833333,0.095433333,0.061066667,0.069666667,0.039866667,0.052766667,0.065366667,0.029166667,0.194866667,0.203066667,0.178566667,0.103933333,0.103833333,0.065733333,0.155066667,0.160766667,0.131966667,0.037433333,0.043233333,0.003333333,0.0725,0.0751,0.0525,0.1605,0.1757,0.1288,0.165366667,0.167166667,0.147566667,0.135133333,0.146433333,0.125833333
4.08,0.153933333,0.141633333,0.100733333,0.122466667,0.140966667,0.100166667,0.059833333,0.069733333,0.041033333,0.0517,0.0662,0.0308,0.203466667,0.209766667,0.187066667,0.1074,0.107,0.0705,0.161166667,0.166266667,0.137966667,0.040666667,0.046666667,0.007566667,0.074033333,0.075633333,0.053933333,0.165533333,0.180333333,0.130333333,0.1738,0.1759,0.1563,0.139933333,0.149233333,0.128133333
4.17,0.160066667,0.148566667,0.107366667,0.1262,0.1429,0.1027,0.060233333,0.070633333,0.040433333,0.052433333,0.066033333,0.031433333,0.208733333,0.216633333,0.191733333,0.110066667,0.110566667,0.076766667,0.1665,0.1721,0.1446,0.041366667,0.045266667,0.006266667,0.0728,0.0768,0.052,0.171733333,0.184733333,0.133433333,0.181933333,0.184133333,0.161933333,0.147966667,0.156866667,0.134866667
4.25,0.167366667,0.155066667,0.113866667,0.130233333,0.146533333,0.108433333,0.0593,0.0698,0.0412,0.0554,0.0683,0.0348,0.215833333,0.225933333,0.200533333,0.115366667,0.117366667,0.082466667,0.173,0.1774,0.1514,0.041566667,0.043866667,0.005166667,0.073,0.0763,0.0511,0.1776,0.1913,0.1419,0.188633333,0.191733333,0.170633333,0.156566667,0.163266667,0.142666667
4.33,0.172066667,0.161166667,0.119466667,0.1344,0.1511,0.1126,0.061033333,0.071033333,0.040833333,0.0538,0.0677,0.035,0.223733333,0.233333333,0.208933333,0.120433333,0.121933333,0.087433333,0.1789,0.1837,0.1571,0.0408,0.0451,0.0063,0.0719,0.0761,0.0505,0.182633333,0.196133333,0.148633333,0.1948,0.1991,0.1793,0.165266667,0.169966667,0.150066667
4.42,0.178866667,0.166866667,0.127466667,0.138866667,0.155766667,0.117166667,0.062633333,0.071433333,0.042733333,0.052466667,0.069666667,0.034066667,0.2314,0.2401,0.217,0.127666667,0.127966667,0.092866667,0.183533333,0.189433333,0.164533333,0.0407,0.046,0.0074,0.072533333,0.075733333,0.050133333,0.188066667,0.200266667,0.150966667,0.203233333,0.206833333,0.188233333,0.171433333,0.177533333,0.157933333
4.5,0.185233333,0.173833333,0.134733333,0.144433333,0.159733333,0.121333333,0.062633333,0.072333333,0.043933333,0.0549,0.0706,0.0363,0.24,0.2482,0.2266,0.1345,0.1332,0.0975,0.1878,0.195,0.1701,0.0432,0.049,0.01,0.073466667,0.075666667,0.051466667,0.193866667,0.205666667,0.157466667,0.213433333,0.217633333,0.198433333,0.179566667,0.185466667,0.164766667
4.58,0.1926,0.1792,0.1399,0.1487,0.1642,0.1267,0.064133333,0.073633333,0.045433333,0.055,0.0692,0.0358,0.246033333,0.254933333,0.231933333,0.140166667,0.140466667,0.105366667,0.192466667,0.198966667,0.175666667,0.0396,0.0484,0.0065,0.070866667,0.076466667,0.051266667,0.1988,0.211,0.1622,0.221366667,0.225766667,0.208266667,0.185666667,0.192566667,0.172666667
4.67,0.1999,0.185,0.1467,0.151333333,0.167833333,0.130433333,0.065,0.0746,0.0478,0.055033333,0.068633333,0.035333333,0.2528,0.2619,0.2395,0.147066667,0.147466667,0.110666667,0.1974,0.2031,0.1806,0.042466667,0.049966667,0.008866667,0.070566667,0.076366667,0.049966667,0.202866667,0.216166667,0.165066667,0.228033333,0.232833333,0.216233333,0.193633333,0.201833333,0.183033333
4.75,0.207633333,0.193633333,0.154533333,0.155566667,0.170966667,0.132666667,0.066833333,0.076533333,0.049033333,0.050666667,0.067166667,0.033366667,0.258,0.2677,0.244,0.154033333,0.154133333,0.117633333,0.2048,0.2099,0.1863,0.0427,0.0493,0.009,0.069333333,0.076433333,0.049333333,0.209433333,0.221333333,0.173033333,0.234266667,0.239966667,0.224266667,0.202033333,0.210733333,0.191833333
4.83,0.213566667,0.201066667,0.164066667,0.160766667,0.176766667,0.139366667,0.0689,0.0774,0.0481,0.048066667,0.065366667,0.033366667,0.262433333,0.274033333,0.250633333,0.1597,0.1602,0.1247,0.209833333,0.215533333,0.192133333,0.042333333,0.049433333,0.006333333,0.069966667,0.075666667,0.050966667,0.215966667,0.226966667,0.179666667,0.2414,0.2471,0.2321,0.2097,0.219,0.1992
4.92,0.2206,0.2076,0.1725,0.165333333,0.182033333,0.144433333,0.069866667,0.079766667,0.050566667,0.049966667,0.066666667,0.031966667,0.268033333,0.281733333,0.258233333,0.1655,0.1661,0.1313,0.214666667,0.220066667,0.197266667,0.042466667,0.049166667,0.004966667,0.070566667,0.075966667,0.048866667,0.222633333,0.234833333,0.188433333,0.247933333,0.252433333,0.238333333,0.218033333,0.227233333,0.208533333
5,0.227133333,0.215133333,0.179633333,0.169966667,0.185566667,0.149466667,0.069733333,0.079733333,0.050333333,0.0514,0.0653,0.0336,0.273466667,0.286266667,0.263566667,0.171433333,0.172133333,0.135833333,0.221033333,0.226733333,0.203833333,0.0419,0.0474,0.0044,0.071633333,0.076933333,0.050033333,0.227933333,0.241633333,0.195333333,0.2522,0.2586,0.2447,0.2269,0.2362,0.2193
5.08,0.234366667,0.221366667,0.187066667,0.173933333,0.188333333,0.150533333,0.0697,0.0798,0.0493,0.051166667,0.069166667,0.036266667,0.2804,0.2958,0.2721,0.1774,0.179,0.1448,0.223866667,0.231366667,0.208766667,0.0401,0.0476,0.0073,0.073233333,0.076733333,0.052233333,0.232766667,0.245866667,0.198666667,0.259833333,0.265033333,0.250433333,0.236866667,0.245366667,0.227566667
5.17,0.239666667,0.227966667,0.195166667,0.1796,0.1915,0.1546,0.071266667,0.080666667,0.051466667,0.0532,0.0695,0.0373,0.2867,0.3013,0.2792,0.183266667,0.185066667,0.149366667,0.229933333,0.237133333,0.215733333,0.040466667,0.046666667,0.007466667,0.073066667,0.077066667,0.050766667,0.2382,0.25,0.2033,0.264166667,0.269966667,0.255466667,0.242233333,0.252133333,0.234833333
5.25,0.248933333,0.235733333,0.204133333,0.1833,0.1949,0.1584,0.0735,0.0814,0.0524,0.055966667,0.071266667,0.037366667,0.2925,0.3081,0.2847,0.189766667,0.191266667,0.156666667,0.233433333,0.241233333,0.218733333,0.041666667,0.047266667,0.007766667,0.0736,0.0772,0.0532,0.243566667,0.254566667,0.209966667,0.27,0.2746,0.2614,0.249933333,0.258933333,0.243333333
5.33,0.254833333,0.241633333,0.210333333,0.187366667,0.198866667,0.162366667,0.073,0.0819,0.0529,0.0563,0.07,0.0366,0.2974,0.3134,0.2909,0.195,0.1956,0.1626,0.2365,0.243,0.2201,0.043833333,0.048633333,0.009333333,0.0717,0.077,0.0526,0.2501,0.2592,0.2147,0.2765,0.2802,0.2672,0.254033333,0.265533333,0.251833333
5.42,0.261566667,0.247366667,0.217966667,0.1908,0.2029,0.1663,0.073433333,0.082033333,0.054533333,0.0556,0.0684,0.0354,0.303266667,0.317766667,0.296266667,0.199966667,0.201066667,0.169066667,0.241866667,0.247466667,0.224466667,0.043533333,0.049033333,0.008633333,0.071,0.0772,0.0519,0.256233333,0.265033333,0.219533333,0.282633333,0.285633333,0.272133333,0.261333333,0.272433333,0.258633333
5.5,0.265133333,0.252833333,0.223033333,0.195266667,0.208066667,0.172066667,0.073966667,0.082266667,0.055066667,0.056433333,0.068633333,0.034933333,0.3076,0.3223,0.299,0.206033333,0.206733333,0.175533333,0.245766667,0.251366667,0.228466667,0.0439,0.0464,0.0079,0.072066667,0.077366667,0.052366667,0.261166667,0.271266667,0.222966667,0.290433333,0.292933333,0.279733333,0.267966667,0.277066667,0.265566667
5.58,0.270933333,0.258733333,0.228033333,0.198666667,0.212066667,0.177666667,0.0759,0.0836,0.0568,0.053433333,0.071033333,0.034733333,0.312066667,0.326066667,0.304466667,0.2129,0.213,0.1813,0.251766667,0.256466667,0.234966667,0.044266667,0.046466667,0.008066667,0.0724,0.077,0.0527,0.267166667,0.276766667,0.228866667,0.295166667,0.298766667,0.285466667,0.275166667,0.283166667,0.271766667
5.67,0.2752,0.2633,0.2324,0.202133333,0.216233333,0.180533333,0.078033333,0.085933333,0.057633333,0.0534,0.0711,0.0358,0.318433333,0.332633333,0.310433333,0.2167,0.2171,0.1846,0.253133333,0.258433333,0.237133333,0.044533333,0.046633333,0.009633333,0.074433333,0.078633333,0.053033333,0.270933333,0.280933333,0.234633333,0.300433333,0.304533333,0.290833333,0.280933333,0.288333333,0.278233333
5.75,0.2809,0.2691,0.2382,0.2079,0.2193,0.184,0.078133333,0.085933333,0.058933333,0.051166667,0.069066667,0.034566667,0.323333333,0.337633333,0.315933333,0.222366667,0.224166667,0.191766667,0.257233333,0.261933333,0.241633333,0.0425,0.0477,0.01,0.0747,0.0786,0.0541,0.2771,0.2873,0.2394,0.305966667,0.309366667,0.296366667,0.287433333,0.295033333,0.284733333
5.83,0.2868,0.2755,0.2468,0.2099,0.2221,0.1876,0.079966667,0.087766667,0.060366667,0.051233333,0.068933333,0.032333333,0.3277,0.3413,0.3195,0.2289,0.2298,0.198,0.260433333,0.266533333,0.245833333,0.042366667,0.045366667,0.007066667,0.073633333,0.078233333,0.052833333,0.282833333,0.291833333,0.245133333,0.311433333,0.315433333,0.302633333,0.292166667,0.300566667,0.291866667
5.92,0.292533333,0.281433333,0.252633333,0.213,0.2262,0.1912,0.0807,0.0892,0.0612,0.050066667,0.069966667,0.033666667,0.333366667,0.346466667,0.324566667,0.232933333,0.233833333,0.203633333,0.262733333,0.270433333,0.248933333,0.0404,0.0467,0.0061,0.071833333,0.076633333,0.052433333,0.287066667,0.296166667,0.249566667,0.316,0.3197,0.3073,0.299433333,0.307333333,0.298033333
6,0.298366667,0.285166667,0.258266667,0.217366667,0.228466667,0.194866667,0.080166667,0.088866667,0.060166667,0.051266667,0.069966667,0.031466667,0.3363,0.3514,0.3288,0.236866667,0.238866667,0.207166667,0.2644,0.2727,0.252,0.041366667,0.047666667,0.006266667,0.071133333,0.076833333,0.054233333,0.290866667,0.300166667,0.255066667,0.3207,0.3243,0.313,0.307033333,0.315333333,0.306733333
6.08,0.303033333,0.288933333,0.261933333,0.220233333,0.231833333,0.199233333,0.0799,0.0874,0.0598,0.051266667,0.068066667,0.031366667,0.338566667,0.354866667,0.330966667,0.239466667,0.241566667,0.211066667,0.2663,0.2745,0.2557,0.0432,0.0513,0.007,0.071866667,0.075866667,0.055266667,0.2952,0.3028,0.258,0.324666667,0.328666667,0.316766667,0.311566667,0.319866667,0.310766667
6.17,0.306233333,0.292833333,0.265033333,0.2239,0.2345,0.2014,0.081,0.088,0.059,0.052466667,0.069166667,0.033266667,0.342333333,0.359233333,0.336033333,0.243266667,0.246466667,0.216566667,0.268633333,0.275833333,0.257733333,0.0426,0.0499,0.0064,0.071333333,0.075333333,0.052333333,0.299766667,0.305566667,0.257866667,0.327033333,0.331333333,0.318733333,0.3153,0.3255,0.3158
6.25,0.3095,0.2971,0.2696,0.226066667,0.237366667,0.202266667,0.080933333,0.086833333,0.058433333,0.0523,0.0687,0.0303,0.343533333,0.361133333,0.337433333,0.2474,0.2503,0.2195,0.268333333,0.275733333,0.257733333,0.0429,0.0497,0.0064,0.0716,0.0767,0.0523,0.3046,0.3109,0.2642,0.330466667,0.334766667,0.322066667,0.321133333,0.330733333,0.321433333
6.33,0.3136,0.3003,0.2734,0.2276,0.2402,0.2064,0.082666667,0.087666667,0.061166667,0.052666667,0.067966667,0.031466667,0.3467,0.3632,0.3396,0.253166667,0.254566667,0.223866667,0.268,0.275,0.257,0.043,0.0491,0.0041,0.0731,0.0752,0.0516,0.307633333,0.313933333,0.267633333,0.3329,0.3377,0.3246,0.324766667,0.335966667,0.325166667
6.42,0.318933333,0.305633333,0.279233333,0.231733333,0.243833333,0.208033333,0.083033333,0.089233333,0.062533333,0.052033333,0.066833333,0.029133333,0.3503,0.3667,0.3444,0.257733333,0.258333333,0.227933333,0.268266667,0.275566667,0.256666667,0.042933333,0.049033333,0.005633333,0.0728,0.0745,0.0517,0.3122,0.3176,0.2723,0.335633333,0.342433333,0.330033333,0.330866667,0.341866667,0.331366667
6.5,0.321433333,0.308733333,0.282133333,0.234833333,0.246333333,0.210333333,0.0826,0.0902,0.063,0.052566667,0.066666667,0.028966667,0.350433333,0.366433333,0.347033333,0.2616,0.2617,0.2315,0.268166667,0.276866667,0.256466667,0.043266667,0.048666667,0.006366667,0.072366667,0.074066667,0.051866667,0.3165,0.3215,0.2727,0.338166667,0.345566667,0.334266667,0.3343,0.3447,0.3352
6.58,0.328166667,0.314466667,0.287066667,0.236933333,0.248833333,0.212333333,0.0836,0.0914,0.0649,0.0534,0.0665,0.0296,0.350733333,0.365633333,0.347233333,0.266266667,0.266666667,0.236366667,0.268633333,0.277033333,0.255533333,0.0452,0.0497,0.0061,0.0737,0.0746,0.0521,0.3176,0.3246,0.2756,0.336633333,0.345633333,0.335733333,0.3399,0.3493,0.3407
6.67,0.332266667,0.317766667,0.290366667,0.241466667,0.253066667,0.217266667,0.082833333,0.092133333,0.066133333,0.054133333,0.068433333,0.030833333,0.349933333,0.365533333,0.346433333,0.2711,0.2702,0.2395,0.267833333,0.275833333,0.255433333,0.046,0.0504,0.005,0.072733333,0.076333333,0.053133333,0.319333333,0.325033333,0.275733333,0.3354,0.3446,0.3353,0.340666667,0.348466667,0.343566667
6.75,0.337566667,0.321166667,0.295166667,0.244233333,0.254233333,0.218533333,0.0842,0.094,0.0674,0.0568,0.0708,0.034,0.348366667,0.365566667,0.346966667,0.2738,0.2739,0.2424,0.2688,0.2753,0.2554,0.045333333,0.050233333,0.004833333,0.074166667,0.076666667,0.053866667,0.318533333,0.325033333,0.275633333,0.335766667,0.345566667,0.335666667,0.343733333,0.349833333,0.348033333
6.83,0.340033333,0.321933333,0.298133333,0.247233333,0.256833333,0.220733333,0.084633333,0.094733333,0.067633333,0.056366667,0.071366667,0.033166667,0.3485,0.3661,0.3475,0.275333333,0.276933333,0.244633333,0.2686,0.275,0.2547,0.0427,0.0501,0.003,0.0752,0.0773,0.0531,0.318633333,0.324633333,0.275933333,0.3365,0.3444,0.3347,0.3434,0.3504,0.3482
6.92,0.3414,0.3216,0.3005,0.247866667,0.259766667,0.222966667,0.085266667,0.095266667,0.068766667,0.055633333,0.071533333,0.032733333,0.3503,0.3659,0.3483,0.2781,0.2795,0.2466,0.270066667,0.275666667,0.255066667,0.0438,0.0495,0.0032,0.074966667,0.075666667,0.050366667,0.3187,0.3245,0.2759,0.335066667,0.344266667,0.333966667,0.3437,0.3504,0.3473
7,0.341833333,0.323333333,0.301733333,0.251133333,0.261733333,0.226833333,0.085833333,0.095433333,0.068633333,0.054633333,0.070533333,0.033733333,0.3488,0.3655,0.3476,0.277833333,0.280133333,0.246633333,0.2701,0.2753,0.2544,0.043866667,0.048366667,0.003966667,0.075666667,0.076766667,0.051266667,0.3183,0.3237,0.2743,0.3348,0.3442,0.3333,0.343066667,0.350066667,0.346266667
7.08,0.344766667,0.325166667,0.302866667,0.255033333,0.263733333,0.231933333,0.088766667,0.096666667,0.070166667,0.0542,0.0714,0.0347,0.3503,0.3644,0.3465,0.279066667,0.281166667,0.248766667,0.272566667,0.277766667,0.257466667,0.044233333,0.050333333,0.007233333,0.074033333,0.076833333,0.052033333,0.320033333,0.325633333,0.276033333,0.3363,0.3462,0.3359,0.342066667,0.348966667,0.346366667
7.17,0.3463,0.3257,0.3024,0.258666667,0.268366667,0.236866667,0.090433333,0.098433333,0.070833333,0.052566667,0.072666667,0.034566667,0.3482,0.3641,0.3453,0.278066667,0.280066667,0.249166667,0.2721,0.2781,0.2573,0.043633333,0.049533333,0.007533333,0.073333333,0.077433333,0.051433333,0.320466667,0.326066667,0.278366667,0.337733333,0.346633333,0.336633333,0.343766667,0.350266667,0.345966667
7.25,0.345866667,0.326966667,0.302466667,0.259666667,0.271466667,0.240766667,0.092533333,0.098833333,0.070833333,0.0539,0.072,0.0322,0.347933333,0.362833333,0.345233333,0.277333333,0.278833333,0.245633333,0.2733,0.277,0.2578,0.0437,0.048,0.0066,0.0743,0.0742,0.0494,0.319433333,0.325833333,0.278133333,0.3397,0.348,0.338,0.3454,0.3525,0.3477
7.33,0.345733333,0.326133333,0.302233333,0.262633333,0.274233333,0.243433333,0.093833333,0.100133333,0.072333333,0.054033333,0.070533333,0.032533333,0.349333333,0.363733333,0.345433333,0.2758,0.277,0.2433,0.271866667,0.275966667,0.255866667,0.0436,0.0497,0.0101,0.071733333,0.075133333,0.050333333,0.318733333,0.324233333,0.275533333,0.340733333,0.349833333,0.338533333,0.344766667,0.352166667,0.347266667
7.42,0.3454,0.3246,0.3022,0.267366667,0.277666667,0.247866667,0.091333333,0.099133333,0.072933333,0.053766667,0.070466667,0.029566667,0.347733333,0.363333333,0.345033333,0.275466667,0.276566667,0.243866667,0.271933333,0.277433333,0.255033333,0.044433333,0.049633333,0.008833333,0.071466667,0.076266667,0.050566667,0.3168,0.3233,0.2732,0.340766667,0.349566667,0.337366667,0.3437,0.3507,0.3462
7.5,0.344166667,0.324066667,0.301566667,0.268166667,0.279066667,0.249066667,0.090666667,0.099166667,0.071466667,0.0491,0.0695,0.0301,0.3486,0.3635,0.3459,0.276233333,0.275633333,0.242833333,0.271933333,0.278233333,0.254933333,0.044433333,0.049033333,0.010333333,0.070433333,0.075433333,0.052333333,0.3175,0.3217,0.2732,0.340866667,0.349166667,0.336666667,0.343966667,0.351266667,0.346166667
7.58,0.343366667,0.324766667,0.299266667,0.269833333,0.280533333,0.250733333,0.0922,0.1021,0.0742,0.0501,0.0686,0.0307,0.348433333,0.364933333,0.344333333,0.2757,0.2739,0.2424,0.2737,0.2792,0.2549,0.043566667,0.050166667,0.009366667,0.070366667,0.074466667,0.054166667,0.3177,0.3222,0.2724,0.340433333,0.348133333,0.335833333,0.345333333,0.352533333,0.346933333
7.67,0.3441,0.3235,0.2997,0.271866667,0.282466667,0.251966667,0.092666667,0.102566667,0.075366667,0.053,0.0699,0.0323,0.3482,0.3643,0.3447,0.275733333,0.275733333,0.243133333,0.2764,0.2805,0.2585,0.041666667,0.049566667,0.009266667,0.067566667,0.075266667,0.052266667,0.316666667,0.321766667,0.271866667,0.3405,0.3482,0.335,0.346233333,0.352733333,0.346833333
7.75,0.344766667,0.323366667,0.300566667,0.2742,0.2846,0.2538,0.093133333,0.101333333,0.075833333,0.0534,0.0683,0.0316,0.347866667,0.363566667,0.345266667,0.276,0.2754,0.2425,0.278233333,0.282533333,0.258933333,0.040333333,0.048833333,0.009133333,0.0673,0.0764,0.0488,0.317666667,0.322566667,0.271966667,0.341133333,0.349233333,0.335933333,0.3449,0.3521,0.3469
7.83,0.345466667,0.325366667,0.303166667,0.271966667,0.284066667,0.252566667,0.0934,0.1016,0.0763,0.050233333,0.069233333,0.031033333,0.349333333,0.364933333,0.347533333,0.274366667,0.274666667,0.241166667,0.2787,0.2828,0.2599,0.041133333,0.049533333,0.009233333,0.069866667,0.075266667,0.049666667,0.316266667,0.321566667,0.272766667,0.343133333,0.350633333,0.336433333,0.346,0.3528,0.3482
7.92,0.3461,0.3264,0.3038,0.274166667,0.285166667,0.254366667,0.0948,0.1027,0.0773,0.051,0.0689,0.0324,0.349033333,0.364933333,0.347633333,0.275233333,0.276633333,0.243233333,0.278233333,0.280833333,0.259833333,0.039933333,0.049533333,0.009733333,0.0705,0.0764,0.051,0.318033333,0.323233333,0.275633333,0.344233333,0.351333333,0.338533333,0.348666667,0.354666667,0.351166667
8,0.347366667,0.327466667,0.303866667,0.273766667,0.284566667,0.255666667,0.096133333,0.103933333,0.078733333,0.052666667,0.069866667,0.030866667,0.349666667,0.364466667,0.347066667,0.276233333,0.278933333,0.245533333,0.2804,0.2822,0.2605,0.043033333,0.051733333,0.011933333,0.071533333,0.077633333,0.052633333,0.319133333,0.325333333,0.278333333,0.346366667,0.352666667,0.340666667,0.347933333,0.355533333,0.350933333
8.09,0.3457,0.327,0.3039,0.274566667,0.284866667,0.256966667,0.095333333,0.104333333,0.078233333,0.053466667,0.069466667,0.031166667,0.349233333,0.365833333,0.345833333,0.275233333,0.276733333,0.245133333,0.282033333,0.283633333,0.261433333,0.039733333,0.050833333,0.010533333,0.071066667,0.076366667,0.051766667,0.3194,0.3251,0.2774,0.3469,0.3539,0.3416,0.3479,0.3578,0.3527
8.17,0.345666667,0.327866667,0.301766667,0.273766667,0.284366667,0.255966667,0.097166667,0.105566667,0.079566667,0.0557,0.07,0.0336,0.351,0.3675,0.3482,0.276833333,0.277833333,0.245233333,0.282966667,0.284566667,0.264366667,0.037366667,0.049666667,0.008366667,0.071066667,0.075666667,0.052066667,0.3198,0.3253,0.2776,0.347033333,0.354233333,0.342033333,0.346233333,0.355133333,0.350233333
8.25,0.348533333,0.329433333,0.303733333,0.274066667,0.283066667,0.254366667,0.097733333,0.105233333,0.078333333,0.0553,0.0702,0.0327,0.351066667,0.368166667,0.348166667,0.2772,0.2778,0.2452,0.281633333,0.285133333,0.263733333,0.0391,0.0502,0.0081,0.072433333,0.076233333,0.052733333,0.319166667,0.324866667,0.277966667,0.348,0.3564,0.344,0.349566667,0.358566667,0.353666667
8.34,0.347133333,0.329733333,0.302433333,0.274566667,0.282466667,0.254166667,0.098666667,0.106266667,0.078766667,0.055033333,0.069433333,0.029533333,0.349133333,0.366533333,0.345733333,0.279033333,0.279233333,0.247733333,0.281366667,0.286366667,0.263566667,0.0401,0.0485,0.0056,0.071533333,0.075233333,0.050833333,0.3191,0.3263,0.279,0.3517,0.3589,0.3457,0.350566667,0.359066667,0.353566667
8.42,0.351166667,0.331666667,0.306166667,0.272466667,0.282066667,0.252766667,0.0989,0.1067,0.0787,0.0554,0.0699,0.0303,0.349866667,0.366866667,0.345266667,0.279166667,0.278066667,0.247466667,0.2802,0.287,0.2635,0.0393,0.0486,0.006,0.071366667,0.074666667,0.048566667,0.321933333,0.328433333,0.279933333,0.3545,0.3593,0.3464,0.352933333,0.361433333,0.354833333
8.5,0.350466667,0.332366667,0.306666667,0.272333333,0.280833333,0.251433333,0.1007,0.1061,0.0793,0.057633333,0.070033333,0.031433333,0.350066667,0.365966667,0.344266667,0.2793,0.2782,0.2477,0.281933333,0.287533333,0.263433333,0.041233333,0.047833333,0.006633333,0.071966667,0.075266667,0.049266667,0.321833333,0.327933333,0.280433333,0.3576,0.3632,0.3474,0.353266667,0.361766667,0.355666667
8.59,0.352033333,0.334833333,0.308433333,0.270766667,0.279866667,0.247966667,0.1005,0.1067,0.0797,0.057433333,0.069633333,0.030733333,0.3516,0.3665,0.346,0.280233333,0.278033333,0.248933333,0.283233333,0.289233333,0.263733333,0.043733333,0.050233333,0.007533333,0.070666667,0.075866667,0.049566667,0.321933333,0.327033333,0.279033333,0.360266667,0.365566667,0.350266667,0.354866667,0.363266667,0.355566667
8.67,0.352266667,0.334966667,0.309266667,0.269966667,0.279766667,0.247966667,0.101233333,0.107733333,0.081633333,0.056333333,0.069033333,0.030533333,0.350533333,0.367833333,0.345933333,0.280266667,0.279066667,0.248766667,0.285966667,0.291566667,0.264966667,0.042633333,0.048633333,0.006533333,0.071433333,0.076533333,0.050233333,0.3215,0.3278,0.278,0.363833333,0.368933333,0.351333333,0.354566667,0.362966667,0.353866667
8.75,0.3545,0.3361,0.3106,0.269966667,0.278866667,0.247266667,0.102766667,0.107866667,0.080866667,0.054,0.0695,0.0291,0.350833333,0.368433333,0.346133333,0.279633333,0.278133333,0.247733333,0.2874,0.2927,0.2668,0.040966667,0.047166667,0.004866667,0.071533333,0.075933333,0.049333333,0.320933333,0.327733333,0.278033333,0.367,0.3715,0.3547,0.355433333,0.364133333,0.354933333
8.84,0.3555,0.3386,0.3108,0.2678,0.2779,0.2465,0.101633333,0.107833333,0.081633333,0.055266667,0.070066667,0.028566667,0.351866667,0.369766667,0.347066667,0.281,0.2797,0.2486,0.287933333,0.293733333,0.268033333,0.0423,0.0483,0.0064,0.072866667,0.077866667,0.052466667,0.321966667,0.327566667,0.278866667,0.3691,0.3732,0.3575,0.355733333,0.363433333,0.354933333
8.92,0.357566667,0.340366667,0.313466667,0.269666667,0.278666667,0.247366667,0.1006,0.1087,0.0825,0.0537,0.0718,0.0303,0.3526,0.3708,0.3481,0.2816,0.2815,0.2497,0.289566667,0.295166667,0.270366667,0.042533333,0.047433333,0.007833333,0.072333333,0.077733333,0.052433333,0.321266667,0.327066667,0.279166667,0.3694,0.3732,0.3581,0.357333333,0.364933333,0.356733333
9,0.361866667,0.343466667,0.316466667,0.272333333,0.280533333,0.250433333,0.101366667,0.109666667,0.083566667,0.051766667,0.071466667,0.029666667,0.353366667,0.371866667,0.348466667,0.2813,0.2806,0.249,0.293666667,0.297966667,0.272466667,0.044766667,0.049766667,0.010066667,0.072333333,0.078833333,0.053633333,0.321466667,0.326066667,0.277766667,0.3699,0.3741,0.3599,0.359033333,0.365733333,0.357633333
9.09,0.363933333,0.346333333,0.318533333,0.2739,0.282,0.2511,0.100666667,0.109966667,0.084366667,0.0509,0.0711,0.0278,0.353066667,0.370766667,0.347966667,0.281533333,0.281633333,0.249733333,0.2963,0.2992,0.2742,0.044933333,0.049333333,0.010533333,0.073766667,0.078666667,0.053166667,0.322633333,0.327733333,0.277333333,0.372566667,0.377066667,0.363766667,0.3609,0.3676,0.3585
9.17,0.364533333,0.348133333,0.318933333,0.274266667,0.281866667,0.250066667,0.101833333,0.109733333,0.084933333,0.052166667,0.071266667,0.029866667,0.3532,0.3724,0.3493,0.2808,0.2823,0.25,0.297433333,0.301633333,0.276233333,0.0446,0.0489,0.0094,0.0726,0.0767,0.0514,0.323066667,0.328266667,0.277666667,0.372133333,0.377333333,0.363033333,0.360566667,0.368066667,0.358966667
9.25,0.3672,0.3493,0.3218,0.273266667,0.282166667,0.249866667,0.1019,0.1097,0.0829,0.054833333,0.072933333,0.032133333,0.355566667,0.372866667,0.350166667,0.2824,0.2834,0.2517,0.299133333,0.302933333,0.276833333,0.046,0.0498,0.0084,0.0729,0.078,0.0517,0.324633333,0.328733333,0.277933333,0.374166667,0.380166667,0.365866667,0.363966667,0.370166667,0.361166667
9.34,0.368533333,0.350733333,0.323233333,0.2727,0.2809,0.2496,0.1014,0.1095,0.0809,0.052,0.0706,0.0303,0.3566,0.373,0.3504,0.281666667,0.283166667,0.251766667,0.3006,0.304,0.2776,0.045266667,0.049666667,0.009266667,0.0709,0.0778,0.0522,0.324933333,0.330333333,0.279433333,0.378333333,0.384033333,0.369533333,0.364533333,0.370333333,0.361733333
9.42,0.369933333,0.353033333,0.324433333,0.273733333,0.282033333,0.248633333,0.100933333,0.109833333,0.081833333,0.053833333,0.069833333,0.029833333,0.358233333,0.374833333,0.352333333,0.282033333,0.284533333,0.252733333,0.303233333,0.306333333,0.280733333,0.0445,0.0493,0.0076,0.071633333,0.079033333,0.052733333,0.325766667,0.331866667,0.279666667,0.3798,0.3856,0.3712,0.3677,0.3739,0.365
9.5,0.371833333,0.355933333,0.326133333,0.275933333,0.282933333,0.249533333,0.0997,0.1091,0.08,0.0532,0.0705,0.0311,0.357633333,0.375033333,0.352133333,0.282233333,0.284733333,0.253933333,0.3045,0.3071,0.2794,0.0443,0.0505,0.0096,0.071866667,0.078766667,0.053966667,0.3265,0.3331,0.2795,0.3812,0.3871,0.3732,0.3684,0.376,0.3668
9.59,0.3736,0.3586,0.3284,0.277266667,0.283566667,0.249566667,0.099833333,0.108533333,0.079433333,0.054733333,0.072233333,0.032933333,0.3589,0.3761,0.3536,0.283833333,0.286133333,0.255133333,0.306033333,0.308233333,0.280833333,0.042966667,0.048866667,0.007866667,0.070633333,0.077833333,0.053233333,0.3266,0.3324,0.28,0.381166667,0.386866667,0.373766667,0.3702,0.3783,0.3686
9.67,0.374866667,0.361266667,0.331366667,0.2786,0.2851,0.2511,0.098766667,0.108766667,0.079466667,0.0562,0.0726,0.0332,0.361633333,0.378133333,0.355133333,0.285233333,0.286733333,0.254133333,0.3054,0.3091,0.2826,0.044133333,0.049933333,0.008833333,0.0712,0.0784,0.0529,0.329033333,0.335033333,0.281333333,0.384466667,0.389566667,0.376266667,0.3722,0.3808,0.3709
9.75,0.378333333,0.363833333,0.335833333,0.279733333,0.287133333,0.252833333,0.097033333,0.106333333,0.078633333,0.055833333,0.073733333,0.034333333,0.3623,0.381,0.3562,0.2846,0.2856,0.2549,0.306133333,0.310733333,0.283433333,0.044633333,0.049833333,0.009833333,0.072433333,0.079433333,0.052633333,0.3307,0.3352,0.2826,0.386066667,0.391266667,0.377166667,0.375333333,0.384533333,0.374733333
9.84,0.3831,0.367,0.3399,0.2825,0.2901,0.2564,0.0986,0.1064,0.0801,0.056633333,0.073733333,0.034533333,0.3636,0.3798,0.3566,0.286166667,0.285766667,0.254766667,0.306733333,0.312333333,0.285233333,0.0435,0.0496,0.0063,0.072733333,0.078033333,0.052433333,0.3322,0.3362,0.2851,0.387533333,0.393533333,0.379333333,0.380066667,0.387766667,0.378766667
9.92,0.3854,0.3693,0.3437,0.285066667,0.291766667,0.257166667,0.097766667,0.106366667,0.079466667,0.055966667,0.072366667,0.032466667,0.3659,0.3814,0.3587,0.287466667,0.288266667,0.257766667,0.309033333,0.313833333,0.288133333,0.0405,0.0491,0.0079,0.073266667,0.078766667,0.054266667,0.3333,0.3381,0.2861,0.390766667,0.395566667,0.381766667,0.3821,0.3904,0.3813
10,0.388066667,0.371566667,0.344266667,0.288033333,0.293733333,0.259033333,0.0978,0.1074,0.0803,0.0547,0.0724,0.0334,0.367033333,0.383433333,0.359733333,0.288666667,0.289166667,0.259066667,0.311633333,0.315433333,0.291033333,0.038766667,0.049166667,0.009766667,0.076833333,0.079933333,0.055633333,0.333233333,0.335433333,0.286333333,0.3908,0.3963,0.3826,0.384166667,0.393266667,0.383466667
10.09,0.391133333,0.375333333,0.347633333,0.2898,0.2949,0.2589,0.0966,0.1058,0.0803,0.055633333,0.072433333,0.032933333,0.369266667,0.384666667,0.361766667,0.289333333,0.289533333,0.259133333,0.3134,0.3168,0.2922,0.0421,0.0505,0.0092,0.076833333,0.079533333,0.053933333,0.3354,0.3384,0.2879,0.390333333,0.397533333,0.383533333,0.386466667,0.395666667,0.386966667
10.17,0.393866667,0.377166667,0.349866667,0.292866667,0.297166667,0.261966667,0.094533333,0.104933333,0.080533333,0.0548,0.0715,0.0303,0.370466667,0.385466667,0.362366667,0.2892,0.2897,0.2588,0.313966667,0.316366667,0.292466667,0.042766667,0.048266667,0.007366667,0.075533333,0.078233333,0.051533333,0.335466667,0.340266667,0.288466667,0.3909,0.397,0.3835,0.387266667,0.395666667,0.386766667
10.25,0.396033333,0.378333333,0.351233333,0.295566667,0.299566667,0.263866667,0.0971,0.1063,0.0802,0.056066667,0.071766667,0.030666667,0.370333333,0.384933333,0.361133333,0.290166667,0.291366667,0.260366667,0.315033333,0.318333333,0.294933333,0.043333333,0.048233333,0.005933333,0.0741,0.0781,0.0535,0.3358,0.3418,0.2904,0.3905,0.3965,0.3827,0.386866667,0.395366667,0.387666667
10.34,0.395466667,0.379466667,0.351666667,0.297233333,0.303033333,0.266233333,0.096233333,0.105633333,0.080633333,0.055333333,0.071133333,0.030333333,0.370033333,0.384833333,0.362633333,0.291166667,0.292266667,0.260966667,0.3149,0.3189,0.2941,0.043433333,0.048433333,0.008033333,0.072833333,0.075733333,0.055133333,0.3376,0.3428,0.2897,0.391933333,0.398133333,0.384633333,0.387766667,0.395966667,0.387666667
10.42,0.398066667,0.381166667,0.355266667,0.301233333,0.308133333,0.270533333,0.097,0.1063,0.0816,0.057633333,0.073433333,0.030733333,0.3703,0.3854,0.3633,0.297,0.2965,0.2637,0.314966667,0.319966667,0.296566667,0.042,0.0487,0.0078,0.0728,0.075,0.0547,0.339766667,0.345566667,0.292066667,0.393666667,0.400166667,0.386666667,0.388933333,0.398033333,0.388533333
10.5,0.397533333,0.380633333,0.355833333,0.3068,0.3128,0.2758,0.099166667,0.107266667,0.082366667,0.057,0.0731,0.0296,0.371466667,0.385966667,0.363866667,0.297433333,0.298533333,0.265333333,0.315366667,0.320266667,0.295566667,0.0441,0.0484,0.0104,0.073033333,0.076933333,0.057033333,0.3419,0.3467,0.2927,0.394866667,0.401666667,0.386266667,0.389233333,0.399833333,0.388833333
10.59,0.399666667,0.382666667,0.358966667,0.309733333,0.315533333,0.278833333,0.099166667,0.107466667,0.081866667,0.0566,0.0726,0.0283,0.372933333,0.389333333,0.366933333,0.297733333,0.299433333,0.266033333,0.317,0.3212,0.2965,0.043933333,0.048333333,0.007833333,0.072833333,0.076533333,0.056233333,0.341766667,0.347666667,0.293566667,0.3954,0.4033,0.3885,0.390266667,0.400866667,0.390966667
10.67,0.400833333,0.383833333,0.360233333,0.312066667,0.317766667,0.281766667,0.098733333,0.108033333,0.080233333,0.0559,0.0721,0.0274,0.373833333,0.390533333,0.366933333,0.2971,0.2997,0.2663,0.318566667,0.322966667,0.299366667,0.0424,0.0483,0.0082,0.071333333,0.076633333,0.056233333,0.3434,0.3483,0.2935,0.3944,0.4038,0.3889,0.390633333,0.401533333,0.391633333
10.75,0.401166667,0.382766667,0.358366667,0.3134,0.3202,0.2835,0.101466667,0.109466667,0.080466667,0.056766667,0.073966667,0.031566667,0.374166667,0.392366667,0.368966667,0.2975,0.2978,0.2646,0.3197,0.3247,0.301,0.043233333,0.049333333,0.010033333,0.070066667,0.076666667,0.055766667,0.3435,0.3474,0.293,0.393766667,0.403966667,0.389566667,0.3907,0.4017,0.3931
10.84,0.402,0.3849,0.3595,0.3133,0.322,0.2844,0.101566667,0.108566667,0.080066667,0.0543,0.0733,0.0321,0.375566667,0.392866667,0.369766667,0.297,0.2977,0.264,0.318233333,0.325233333,0.302633333,0.044966667,0.049566667,0.010466667,0.070766667,0.074666667,0.053866667,0.346466667,0.350166667,0.295666667,0.393733333,0.404833333,0.390633333,0.391,0.402,0.3946
10.92,0.402166667,0.386966667,0.361166667,0.316266667,0.325266667,0.287166667,0.1009,0.1086,0.0806,0.053166667,0.070366667,0.030166667,0.374366667,0.392166667,0.368566667,0.2986,0.2998,0.2663,0.319833333,0.326333333,0.303633333,0.0447,0.0506,0.0109,0.070433333,0.074733333,0.053833333,0.346233333,0.351633333,0.297933333,0.394766667,0.404366667,0.391766667,0.394733333,0.405733333,0.397733333
11,0.403033333,0.386833333,0.362033333,0.318966667,0.328366667,0.291266667,0.101166667,0.109766667,0.081566667,0.053466667,0.069766667,0.029966667,0.3752,0.3934,0.3691,0.299333333,0.300733333,0.267233333,0.320533333,0.327833333,0.303733333,0.041633333,0.049433333,0.009933333,0.070233333,0.075133333,0.055033333,0.346033333,0.353133333,0.299333333,0.395966667,0.405066667,0.391666667,0.394833333,0.405433333,0.397433333
11.09,0.402833333,0.386433333,0.361733333,0.320833333,0.329033333,0.295533333,0.0985,0.1078,0.081,0.052533333,0.069433333,0.029133333,0.3747,0.3926,0.369,0.302533333,0.302233333,0.267633333,0.319866667,0.327866667,0.305566667,0.037933333,0.047433333,0.006533333,0.072266667,0.075266667,0.054666667,0.3487,0.3552,0.2998,0.396733333,0.406133333,0.391433333,0.393633333,0.403733333,0.397733333
11.17,0.402333333,0.386733333,0.361533333,0.3205,0.3292,0.2957,0.098,0.1068,0.0792,0.05,0.0682,0.0296,0.374533333,0.395033333,0.369633333,0.303666667,0.301866667,0.267966667,0.322333333,0.330633333,0.307633333,0.0385,0.0466,0.0075,0.071633333,0.076933333,0.054433333,0.349733333,0.355633333,0.297933333,0.396,0.4052,0.3911,0.392633333,0.402633333,0.396833333
11.25,0.405233333,0.389233333,0.363633333,0.321066667,0.330466667,0.295866667,0.098366667,0.106866667,0.078766667,0.051033333,0.069733333,0.030733333,0.376633333,0.396633333,0.371433333,0.3044,0.3021,0.2684,0.320866667,0.328866667,0.306566667,0.0402,0.0473,0.0065,0.071966667,0.076466667,0.053966667,0.351766667,0.356566667,0.300166667,0.393933333,0.404533333,0.391233333,0.393733333,0.403333333,0.397533333
11.34,0.406066667,0.389166667,0.364366667,0.325233333,0.333433333,0.299433333,0.099033333,0.109433333,0.081933333,0.052066667,0.070366667,0.032266667,0.376933333,0.395233333,0.371833333,0.306033333,0.305233333,0.270433333,0.3217,0.3286,0.3071,0.0417,0.0468,0.0049,0.071166667,0.077466667,0.054466667,0.353266667,0.358966667,0.302766667,0.3948,0.4058,0.3922,0.392866667,0.403566667,0.396666667
11.42,0.407366667,0.391466667,0.367066667,0.327333333,0.334233333,0.300333333,0.097733333,0.108633333,0.079733333,0.0552,0.0714,0.0316,0.379166667,0.396766667,0.374366667,0.305066667,0.304266667,0.270566667,0.320266667,0.327566667,0.306966667,0.042466667,0.048366667,0.007866667,0.073166667,0.077366667,0.054066667,0.354533333,0.360333333,0.304833333,0.396133333,0.406633333,0.393733333,0.3929,0.4045,0.3991
11.5,0.408866667,0.392366667,0.367666667,0.328766667,0.336266667,0.302066667,0.097633333,0.108033333,0.079033333,0.054666667,0.071366667,0.028966667,0.379366667,0.396166667,0.374266667,0.305366667,0.305966667,0.271266667,0.322733333,0.329433333,0.308333333,0.043033333,0.046933333,0.007833333,0.0709,0.0772,0.0524,0.356966667,0.361966667,0.307066667,0.3982,0.4077,0.3953,0.3935,0.4048,0.398
11.59,0.409166667,0.393066667,0.368766667,0.329666667,0.337166667,0.303566667,0.096833333,0.107233333,0.078733333,0.054966667,0.071266667,0.028766667,0.380233333,0.398133333,0.375933333,0.305033333,0.306033333,0.272733333,0.323333333,0.330033333,0.307433333,0.044066667,0.045566667,0.008066667,0.070966667,0.076266667,0.051266667,0.358766667,0.363066667,0.308166667,0.3985,0.4079,0.3962,0.394233333,0.405533333,0.397133333
11.67,0.4096,0.3932,0.3691,0.330533333,0.338833333,0.305833333,0.100566667,0.109666667,0.080766667,0.0543,0.0706,0.0278,0.3812,0.3982,0.3751,0.3053,0.3069,0.272,0.322866667,0.329466667,0.307866667,0.044266667,0.046066667,0.007966667,0.071266667,0.075166667,0.051566667,0.3591,0.3622,0.3087,0.3995,0.4089,0.396,0.3938,0.4067,0.3985
11.75,0.410166667,0.393966667,0.369466667,0.333233333,0.341133333,0.308033333,0.1005,0.11,0.0814,0.054933333,0.069733333,0.027933333,0.382633333,0.398833333,0.376233333,0.305133333,0.307133333,0.272633333,0.3236,0.3315,0.3092,0.044,0.0456,0.0096,0.0726,0.0759,0.0518,0.3592,0.3639,0.3092,0.399,0.4069,0.3955,0.393966667,0.407266667,0.399566667
11.84,0.412333333,0.395133333,0.370633333,0.334066667,0.343166667,0.309666667,0.100033333,0.109433333,0.080833333,0.057566667,0.070966667,0.029966667,0.382833333,0.399633333,0.377033333,0.307066667,0.308166667,0.274266667,0.324233333,0.332333333,0.310533333,0.0432,0.047,0.0112,0.0736,0.0786,0.0548,0.359133333,0.364433333,0.309533333,0.399366667,0.406366667,0.396166667,0.395166667,0.407866667,0.400866667
11.92,0.4116,0.3967,0.3731,0.335533333,0.344233333,0.311233333,0.100533333,0.109433333,0.081133333,0.059133333,0.071533333,0.030633333,0.383133333,0.400333333,0.376933333,0.310166667,0.310666667,0.277366667,0.324433333,0.333933333,0.312433333,0.042166667,0.048566667,0.009266667,0.0737,0.0794,0.055,0.359233333,0.364733333,0.308933333,0.396733333,0.406333333,0.395233333,0.3989,0.4121,0.4051
12,0.4121,0.3975,0.3725,0.335566667,0.343166667,0.309866667,0.099733333,0.111633333,0.083533333,0.0577,0.0711,0.031,0.3832,0.4003,0.3779,0.311733333,0.311833333,0.279133333,0.3257,0.336,0.3146,0.041933333,0.048733333,0.008633333,0.072033333,0.078533333,0.056033333,0.3613,0.3663,0.3109,0.398433333,0.408133333,0.396933333,0.400766667,0.412566667,0.406466667
12.09,0.4124,0.3958,0.371,0.333266667,0.342766667,0.309366667,0.099933333,0.110633333,0.083633333,0.055433333,0.070733333,0.030833333,0.384433333,0.399433333,0.378033333,0.312666667,0.312466667,0.278066667,0.325933333,0.334733333,0.313433333,0.040566667,0.049166667,0.008466667,0.0724,0.0791,0.0555,0.360966667,0.366666667,0.309566667,0.398133333,0.408433333,0.396433333,0.3998,0.4112,0.4035
12.17,0.414433333,0.398533333,0.373133333,0.331766667,0.342766667,0.309766667,0.100366667,0.109266667,0.082666667,0.0574,0.0729,0.0329,0.384433333,0.400733333,0.379133333,0.3117,0.3133,0.278,0.326533333,0.333733333,0.312633333,0.0419,0.0475,0.0069,0.0724,0.0797,0.0559,0.361133333,0.367533333,0.310633333,0.3999,0.4089,0.3968,0.398566667,0.410966667,0.404666667
12.25,0.416,0.4001,0.3764,0.3319,0.3428,0.3111,0.1002,0.1099,0.0819,0.055533333,0.072533333,0.031533333,0.3852,0.4011,0.3799,0.3126,0.3154,0.2807,0.3262,0.3323,0.312,0.041966667,0.049966667,0.010066667,0.072866667,0.080166667,0.056566667,0.361066667,0.367166667,0.311366667,0.3991,0.41,0.398,0.401,0.413,0.4075
12.34,0.415933333,0.399733333,0.374533333,0.332033333,0.342433333,0.310633333,0.102066667,0.111766667,0.083266667,0.0526,0.072,0.0311,0.385966667,0.401766667,0.381466667,0.3159,0.3185,0.2835,0.3255,0.3321,0.3132,0.0411,0.0491,0.0114,0.073933333,0.080133333,0.056233333,0.361266667,0.366966667,0.310466667,0.398466667,0.408666667,0.397266667,0.4001,0.4128,0.4066
12.42,0.417433333,0.400633333,0.377233333,0.3322,0.3433,0.311,0.1017,0.1122,0.0837,0.054833333,0.072433333,0.032033333,0.385666667,0.401866667,0.381966667,0.318033333,0.319933333,0.284533333,0.326633333,0.332533333,0.314633333,0.041066667,0.048766667,0.012366667,0.072066667,0.079366667,0.054966667,0.360833333,0.365933333,0.308833333,0.3966,0.4067,0.3955,0.401433333,0.413633333,0.408433333
12.5,0.415433333,0.400333333,0.376233333,0.332466667,0.344366667,0.311566667,0.101533333,0.112133333,0.083133333,0.0557,0.0714,0.0312,0.3867,0.4039,0.3833,0.318266667,0.320366667,0.285266667,0.326666667,0.332866667,0.314466667,0.042533333,0.049233333,0.010833333,0.073833333,0.079233333,0.054133333,0.3625,0.368,0.3104,0.3987,0.4073,0.3962,0.400066667,0.412566667,0.405666667
12.59,0.415666667,0.400966667,0.375566667,0.333333333,0.344833333,0.312733333,0.100933333,0.111933333,0.082533333,0.053866667,0.071766667,0.032166667,0.387233333,0.405533333,0.384833333,0.3183,0.3201,0.2864,0.3277,0.3354,0.3167,0.0437,0.0486,0.0118,0.071066667,0.079566667,0.053666667,0.361833333,0.368233333,0.310333333,0.3989,0.4073,0.3965,0.402133333,0.415233333,0.409133333
12.67,0.415733333,0.401433333,0.375633333,0.3335,0.3449,0.3137,0.104066667,0.112666667,0.084166667,0.0543,0.0718,0.0315,0.3875,0.4061,0.3841,0.317633333,0.319633333,0.285633333,0.329,0.3351,0.3177,0.0438,0.0487,0.0112,0.0708,0.0802,0.0552,0.3644,0.3708,0.3127,0.398266667,0.408366667,0.396866667,0.4022,0.4154,0.4101
12.75,0.414666667,0.400966667,0.376866667,0.3343,0.3456,0.3148,0.105133333,0.113633333,0.084133333,0.054566667,0.072366667,0.034066667,0.388666667,0.407766667,0.385966667,0.3191,0.3213,0.2862,0.327833333,0.334333333,0.315233333,0.046,0.05,0.0119,0.071733333,0.079433333,0.054533333,0.363966667,0.369966667,0.311566667,0.397466667,0.408866667,0.396866667,0.403633333,0.417333333,0.411633333
12.84,0.4141,0.3993,0.3762,0.333566667,0.344666667,0.315066667,0.107766667,0.114666667,0.081966667,0.0528,0.0696,0.0317,0.388433333,0.408033333,0.385733333,0.319333333,0.321633333,0.287233333,0.3278,0.3342,0.3138,0.040866667,0.050666667,0.011466667,0.073033333,0.079433333,0.054633333,0.3655,0.3721,0.3144,0.396966667,0.409766667,0.396566667,0.402466667,0.415666667,0.409166667
12.92,0.413933333,0.399833333,0.376833333,0.335533333,0.345933333,0.314233333,0.1049,0.1135,0.0789,0.0541,0.0685,0.0298,0.388566667,0.407066667,0.383766667,0.319,0.3226,0.2874,0.329,0.3347,0.3163,0.039833333,0.048833333,0.010333333,0.0738,0.0797,0.0561,0.3643,0.3718,0.3149,0.398533333,0.411133333,0.396933333,0.402266667,0.415266667,0.408766667
13,0.416833333,0.402033333,0.377733333,0.338633333,0.348933333,0.317833333,0.102433333,0.113833333,0.078833333,0.0576,0.0686,0.0301,0.3897,0.4076,0.3844,0.319733333,0.323133333,0.287433333,0.3294,0.3353,0.3168,0.042666667,0.050566667,0.011566667,0.072166667,0.077566667,0.054966667,0.365666667,0.373266667,0.315466667,0.399333333,0.412233333,0.397233333,0.402566667,0.416466667,0.409166667
13.09,0.417,0.4006,0.3778,0.335466667,0.347666667,0.316266667,0.102266667,0.113166667,0.076666667,0.055966667,0.067366667,0.029166667,0.3901,0.4074,0.3842,0.319566667,0.320766667,0.286566667,0.328466667,0.334066667,0.314766667,0.0429,0.049,0.0115,0.070833333,0.078033333,0.055533333,0.365033333,0.371633333,0.315333333,0.398066667,0.411366667,0.396366667,0.402533333,0.416033333,0.409533333
13.17,0.4173,0.4006,0.3779,0.335466667,0.346566667,0.315266667,0.1038,0.1143,0.0805,0.055566667,0.067466667,0.028066667,0.389033333,0.407033333,0.384433333,0.3168,0.3188,0.2841,0.329,0.3346,0.3157,0.0432,0.048,0.0088,0.0714,0.0785,0.0547,0.366733333,0.372533333,0.316933333,0.397333333,0.410633333,0.396133333,0.4015,0.4152,0.4088
13.25,0.418866667,0.401666667,0.379766667,0.3361,0.3464,0.3145,0.1052,0.1163,0.0833,0.0551,0.0686,0.026,0.389033333,0.407233333,0.383633333,0.3183,0.3203,0.285,0.327966667,0.334266667,0.315366667,0.0429,0.0496,0.0108,0.0721,0.0806,0.0571,0.367566667,0.374366667,0.319166667,0.3966,0.4098,0.3961,0.403033333,0.416033333,0.411333333
13.34,0.4182,0.4024,0.3796,0.334733333,0.347033333,0.314033333,0.108333333,0.118533333,0.086033333,0.0511,0.0683,0.0262,0.388633333,0.406533333,0.384233333,0.319266667,0.320866667,0.286166667,0.3273,0.3346,0.3157,0.044333333,0.048733333,0.011333333,0.0737,0.0796,0.0577,0.370066667,0.374666667,0.320066667,0.397466667,0.410966667,0.395766667,0.402266667,0.415866667,0.411466667
13.42,0.4199,0.4029,0.3806,0.335466667,0.347666667,0.314966667,0.107966667,0.117166667,0.086366667,0.053333333,0.070333333,0.030333333,0.390466667,0.408266667,0.385966667,0.3196,0.3215,0.2861,0.329833333,0.337333333,0.318333333,0.041366667,0.048266667,0.009566667,0.072133333,0.078533333,0.056833333,0.369233333,0.374933333,0.319833333,0.398266667,0.410166667,0.395866667,0.4022,0.416,0.4117
13.5,0.4181,0.4008,0.3796,0.3354,0.3482,0.3142,0.108633333,0.118233333,0.086733333,0.052433333,0.070133333,0.029333333,0.391233333,0.409133333,0.385833333,0.320633333,0.322033333,0.286333333,0.328633333,0.337133333,0.317533333,0.041766667,0.047366667,0.008566667,0.074033333,0.079033333,0.056333333,0.370533333,0.375633333,0.320433333,0.399733333,0.410033333,0.396033333,0.4027,0.4156,0.411
13.59,0.419,0.401,0.3798,0.336566667,0.347766667,0.314266667,0.1069,0.1171,0.0871,0.051033333,0.070033333,0.028433333,0.3905,0.41,0.3858,0.323066667,0.324466667,0.287466667,0.328,0.3374,0.3191,0.041666667,0.048266667,0.008666667,0.073333333,0.078533333,0.056333333,0.370933333,0.377133333,0.320033333,0.3995,0.4101,0.397,0.403166667,0.415966667,0.410066667
13.67,0.416066667,0.401266667,0.378966667,0.3375,0.3481,0.3165,0.1097,0.1181,0.0885,0.049133333,0.069433333,0.030233333,0.390466667,0.409766667,0.386266667,0.3246,0.3262,0.2896,0.328566667,0.337866667,0.320166667,0.0425,0.0479,0.01,0.073933333,0.078633333,0.055433333,0.370633333,0.376333333,0.319033333,0.398833333,0.410633333,0.395533333,0.4035,0.4149,0.4085
13.75,0.416933333,0.401533333,0.379533333,0.3369,0.3486,0.3175,0.107633333,0.114933333,0.088533333,0.050533333,0.069533333,0.027233333,0.3919,0.4101,0.3879,0.323233333,0.325833333,0.289233333,0.3297,0.3383,0.3209,0.0423,0.0481,0.0096,0.074033333,0.078033333,0.055833333,0.371066667,0.377066667,0.320866667,0.398466667,0.409666667,0.396366667,0.404466667,0.415666667,0.408066667
13.84,0.4164,0.402,0.3789,0.3358,0.3478,0.3179,0.108633333,0.115833333,0.088233333,0.050566667,0.068866667,0.027266667,0.393166667,0.410766667,0.387666667,0.324233333,0.325533333,0.291633333,0.327633333,0.337833333,0.318633333,0.039133333,0.044133333,0.007333333,0.0746,0.0805,0.0563,0.368966667,0.375266667,0.318066667,0.397766667,0.409566667,0.395766667,0.4042,0.4158,0.4078
13.92,0.416066667,0.400866667,0.378466667,0.335633333,0.347333333,0.317233333,0.1075,0.116,0.0881,0.055133333,0.070033333,0.029133333,0.392566667,0.408666667,0.386966667,0.324366667,0.326266667,0.291566667,0.3267,0.3353,0.315,0.040566667,0.045266667,0.007866667,0.074166667,0.080366667,0.056066667,0.370666667,0.374766667,0.318966667,0.3962,0.4092,0.3944,0.4048,0.4168,0.4099
14,0.4162,0.4022,0.379,0.338266667,0.349866667,0.319266667,0.1082,0.1182,0.0903,0.054966667,0.069966667,0.031166667,0.3935,0.4094,0.3884,0.3243,0.3274,0.293,0.327133333,0.334733333,0.315333333,0.041066667,0.043866667,0.009766667,0.0753,0.0807,0.0566,0.369433333,0.374233333,0.318733333,0.3982,0.4104,0.3952,0.405366667,0.418066667,0.411366667
14.09,0.4165,0.4007,0.3766,0.339,0.3511,0.319,0.108166667,0.118166667,0.089766667,0.055933333,0.070633333,0.030733333,0.394166667,0.409766667,0.389266667,0.325033333,0.327133333,0.291933333,0.325833333,0.335733333,0.316433333,0.0434,0.0478,0.0111,0.074666667,0.082566667,0.058066667,0.368733333,0.374433333,0.317233333,0.397766667,0.408366667,0.393366667,0.403666667,0.416366667,0.408966667
14.17,0.416466667,0.400966667,0.376966667,0.337133333,0.350133333,0.319033333,0.109133333,0.118633333,0.090933333,0.053066667,0.070966667,0.029866667,0.394833333,0.410933333,0.389233333,0.323233333,0.326033333,0.289833333,0.326633333,0.334133333,0.315133333,0.040933333,0.047833333,0.009533333,0.074366667,0.082466667,0.057366667,0.369033333,0.373833333,0.317733333,0.395766667,0.406566667,0.392066667,0.4013,0.4145,0.4077
14.25,0.416066667,0.402066667,0.378766667,0.3364,0.3505,0.318,0.1078,0.1189,0.0912,0.055133333,0.072233333,0.032633333,0.395466667,0.411866667,0.389566667,0.324133333,0.326233333,0.291633333,0.325166667,0.335166667,0.316266667,0.0416,0.0492,0.0095,0.075,0.0814,0.0576,0.371,0.3766,0.3202,0.396533333,0.407933333,0.393533333,0.4029,0.4172,0.4112
14.34,0.4163,0.4031,0.3784,0.334966667,0.349366667,0.315466667,0.109433333,0.120233333,0.091433333,0.055466667,0.072866667,0.032266667,0.394,0.4121,0.3907,0.325433333,0.327133333,0.291833333,0.325866667,0.336166667,0.316466667,0.041866667,0.049666667,0.008166667,0.075866667,0.082266667,0.057666667,0.372266667,0.377666667,0.321966667,0.397533333,0.410133333,0.395633333,0.402633333,0.415833333,0.410633333
14.42,0.416866667,0.403266667,0.379766667,0.334466667,0.349366667,0.316866667,0.1083,0.1207,0.0916,0.0524,0.0708,0.0325,0.394933333,0.412233333,0.390433333,0.326933333,0.327033333,0.293233333,0.3274,0.3374,0.3165,0.043566667,0.049466667,0.007066667,0.073933333,0.079833333,0.054533333,0.371233333,0.376733333,0.319733333,0.396,0.4087,0.3948,0.404033333,0.416333333,0.412133333
14.5,0.4165,0.4013,0.3786,0.336166667,0.349466667,0.317066667,0.110066667,0.121366667,0.091366667,0.052933333,0.070433333,0.031433333,0.395833333,0.413333333,0.391733333,0.326566667,0.326966667,0.293466667,0.3285,0.3388,0.3182,0.043433333,0.050333333,0.006733333,0.074766667,0.080466667,0.056466667,0.371533333,0.377233333,0.320233333,0.395533333,0.407933333,0.395133333,0.403366667,0.414266667,0.411266667
14.59,0.4187,0.4034,0.3814,0.336,0.3479,0.3163,0.1097,0.1217,0.091,0.050766667,0.070866667,0.030566667,0.395133333,0.412533333,0.393233333,0.325633333,0.327433333,0.293033333,0.327266667,0.336866667,0.316466667,0.041433333,0.048433333,0.005833333,0.0741,0.0803,0.0535,0.370733333,0.374833333,0.318533333,0.394366667,0.406666667,0.392266667,0.403133333,0.415533333,0.411133333
14.67,0.418566667,0.402666667,0.381066667,0.335166667,0.347566667,0.317266667,0.1098,0.1228,0.0928,0.0527,0.0725,0.0318,0.393433333,0.413033333,0.393233333,0.328033333,0.329633333,0.295333333,0.3259,0.3364,0.3145,0.043533333,0.051233333,0.008233333,0.0748,0.0805,0.0556,0.372266667,0.375966667,0.320266667,0.395366667,0.407666667,0.393066667,0.402633333,0.414433333,0.411233333
14.75,0.4194,0.4045,0.3834,0.334866667,0.347366667,0.316866667,0.1088,0.1221,0.093,0.0542,0.0708,0.0302,0.3943,0.4131,0.3941,0.325933333,0.329433333,0.295133333,0.326,0.3363,0.3154,0.041166667,0.051466667,0.008866667,0.076633333,0.081633333,0.056933333,0.372933333,0.376033333,0.319533333,0.397066667,0.408066667,0.394166667,0.403433333,0.415533333,0.412333333
14.84,0.418466667,0.403866667,0.381166667,0.335366667,0.347566667,0.317866667,0.1102,0.122,0.0919,0.0545,0.0719,0.0311,0.393433333,0.414833333,0.394733333,0.3263,0.3292,0.2954,0.3268,0.336,0.3163,0.042033333,0.053033333,0.011333333,0.0757,0.0808,0.0572,0.373233333,0.376533333,0.320433333,0.3969,0.4075,0.3934,0.402333333,0.415833333,0.411333333
14.92,0.418433333,0.402833333,0.380533333,0.3338,0.3485,0.3182,0.1144,0.1235,0.0937,0.054933333,0.070533333,0.030233333,0.3929,0.4149,0.3957,0.3235,0.3274,0.2927,0.3259,0.3366,0.3177,0.045066667,0.052366667,0.010166667,0.0762,0.0806,0.0564,0.372833333,0.376833333,0.320833333,0.3973,0.4079,0.3941,0.403033333,0.415233333,0.410933333
15,0.4165,0.4023,0.3793,0.334233333,0.348333333,0.318133333,0.1149,0.1226,0.0929,0.056833333,0.072133333,0.031933333,0.3917,0.4144,0.3948,0.326566667,0.328166667,0.293766667,0.327733333,0.338233333,0.318033333,0.046,0.0528,0.0079,0.075866667,0.081666667,0.055266667,0.3743,0.3794,0.3218,0.398366667,0.409466667,0.395666667,0.403266667,0.416166667,0.412066667
15.09,0.4142,0.3994,0.3765,0.333966667,0.347866667,0.316566667,0.1154,0.1229,0.0926,0.056566667,0.073766667,0.031666667,0.394133333,0.415033333,0.395533333,0.327066667,0.327766667,0.291166667,0.327333333,0.337933333,0.317633333,0.045366667,0.052566667,0.007266667,0.076666667,0.079966667,0.051466667,0.3736,0.3789,0.3219,0.398466667,0.410466667,0.395066667,0.4024,0.4151,0.4112
15.17,0.413366667,0.399666667,0.376666667,0.334566667,0.348666667,0.317566667,0.1146,0.124,0.0943,0.057733333,0.072833333,0.032633333,0.395666667,0.415366667,0.394166667,0.326066667,0.327466667,0.290466667,0.326633333,0.337433333,0.316833333,0.044733333,0.050133333,0.003933333,0.0757,0.0807,0.0521,0.374,0.3783,0.3225,0.396766667,0.409566667,0.392666667,0.402466667,0.415566667,0.411066667
15.25,0.415566667,0.400266667,0.376966667,0.3343,0.3482,0.317,0.114233333,0.124333333,0.093733333,0.056866667,0.072966667,0.035066667,0.394366667,0.415066667,0.394466667,0.324866667,0.327366667,0.291766667,0.325766667,0.335966667,0.316166667,0.044,0.051,0.0058,0.0765,0.0824,0.0552,0.374366667,0.378066667,0.322266667,0.397166667,0.410466667,0.394766667,0.403533333,0.416433333,0.410933333
15.34,0.4168,0.4004,0.3778,0.3332,0.3471,0.3165,0.1163,0.1262,0.0952,0.057733333,0.072133333,0.032733333,0.3948,0.4154,0.3946,0.3245,0.3273,0.2913,0.3264,0.3363,0.3174,0.0439,0.0514,0.0051,0.077266667,0.082866667,0.055566667,0.3734,0.3777,0.3222,0.397866667,0.411666667,0.395366667,0.4019,0.4156,0.4076
15.42,0.415066667,0.399366667,0.377366667,0.334366667,0.346866667,0.318066667,0.118133333,0.127533333,0.097533333,0.0602,0.0716,0.0346,0.396633333,0.416433333,0.395233333,0.323533333,0.328233333,0.291733333,0.325833333,0.336233333,0.317633333,0.044233333,0.050533333,0.005933333,0.076966667,0.082566667,0.057266667,0.374166667,0.377766667,0.322966667,0.397233333,0.410633333,0.394433333,0.4023,0.4159,0.4083
15.5,0.416033333,0.400533333,0.378133333,0.335033333,0.346633333,0.316333333,0.1154,0.1259,0.0981,0.062,0.0729,0.0353,0.397133333,0.416933333,0.396733333,0.325566667,0.328866667,0.292866667,0.325066667,0.337166667,0.319066667,0.0446,0.0473,0.005,0.075433333,0.080433333,0.057633333,0.3726,0.3757,0.3193,0.398133333,0.410633333,0.393733333,0.402533333,0.416733333,0.408733333
15.59,0.416733333,0.402433333,0.379133333,0.335,0.3474,0.3165,0.114466667,0.125366667,0.097466667,0.0579,0.0708,0.0355,0.397333333,0.416033333,0.396333333,0.322966667,0.327266667,0.292566667,0.328333333,0.337333333,0.319033333,0.0433,0.046,0.0045,0.0759,0.0808,0.0562,0.3735,0.3784,0.3194,0.3969,0.4086,0.3928,0.401633333,0.417933333,0.409933333
15.67,0.4166,0.402,0.3783,0.3332,0.3469,0.3156,0.115333333,0.125733333,0.098833333,0.0585,0.0725,0.0362,0.397266667,0.415566667,0.396866667,0.323266667,0.327366667,0.294166667,0.3283,0.3381,0.3183,0.0421,0.0479,0.0045,0.075666667,0.080266667,0.056966667,0.373033333,0.378633333,0.317733333,0.397333333,0.409033333,0.392733333,0.403333333,0.416733333,0.409433333
15.75,0.4152,0.4003,0.3774,0.332833333,0.346833333,0.314433333,0.114333333,0.123633333,0.097933333,0.058,0.0728,0.0369,0.397966667,0.415866667,0.397866667,0.323566667,0.327466667,0.293566667,0.328066667,0.337766667,0.317366667,0.043066667,0.049866667,0.006366667,0.075233333,0.081133333,0.057733333,0.3741,0.3797,0.3184,0.396,0.408,0.392,0.402,0.4161,0.4087
15.84,0.415933333,0.399633333,0.377933333,0.3313,0.3457,0.3144,0.113233333,0.123333333,0.094833333,0.058033333,0.073033333,0.034533333,0.3969,0.4154,0.3957,0.3237,0.3277,0.2927,0.328966667,0.337466667,0.317666667,0.039233333,0.049733333,0.005533333,0.075133333,0.079233333,0.057433333,0.3723,0.3799,0.3188,0.395866667,0.409266667,0.393366667,0.4027,0.4158,0.4084
15.92,0.416233333,0.401233333,0.378133333,0.333266667,0.346266667,0.315966667,0.1124,0.1251,0.0964,0.057266667,0.073966667,0.033366667,0.394566667,0.414466667,0.394166667,0.324166667,0.327766667,0.293866667,0.325933333,0.336233333,0.316233333,0.039533333,0.049633333,0.007633333,0.074933333,0.080033333,0.058833333,0.371766667,0.378366667,0.315766667,0.395666667,0.407966667,0.392266667,0.4041,0.4166,0.4099
16,0.4176,0.4014,0.3785,0.334833333,0.348333333,0.316833333,0.1131,0.1265,0.0966,0.0575,0.0741,0.0308,0.393633333,0.414133333,0.393433333,0.3276,0.3306,0.2966,0.3258,0.3373,0.3169,0.036766667,0.048066667,0.008466667,0.075633333,0.079833333,0.056833333,0.372066667,0.378766667,0.316366667,0.3953,0.4072,0.3901,0.405433333,0.417233333,0.409633333
16.09,0.415733333,0.399733333,0.376933333,0.3331,0.3476,0.3148,0.112266667,0.125466667,0.093866667,0.056366667,0.075066667,0.029166667,0.394066667,0.415666667,0.394766667,0.325533333,0.328033333,0.293333333,0.325466667,0.337166667,0.316766667,0.0376,0.0487,0.0091,0.076666667,0.081766667,0.058966667,0.370633333,0.376333333,0.315233333,0.393933333,0.405633333,0.390033333,0.403633333,0.416833333,0.410033333
16.17,0.4159,0.4004,0.3777,0.3344,0.3479,0.3154,0.113066667,0.124166667,0.093866667,0.0546,0.0749,0.0297,0.3933,0.4143,0.3939,0.3266,0.327,0.2939,0.324666667,0.337166667,0.316166667,0.039766667,0.049666667,0.008166667,0.073933333,0.082133333,0.057733333,0.370733333,0.375733333,0.316033333,0.3942,0.4051,0.3896,0.403566667,0.416466667,0.410266667
16.25,0.4147,0.3998,0.3784,0.333833333,0.346433333,0.315633333,0.114766667,0.125666667,0.094466667,0.0542,0.0748,0.03,0.393766667,0.414566667,0.394866667,0.324533333,0.326033333,0.293133333,0.325166667,0.337566667,0.314466667,0.039966667,0.049066667,0.009666667,0.073666667,0.082666667,0.058566667,0.371633333,0.376733333,0.317233333,0.393466667,0.405766667,0.389466667,0.401566667,0.416066667,0.408766667
16.34,0.414666667,0.400366667,0.378466667,0.335266667,0.347266667,0.316366667,0.111933333,0.123233333,0.095433333,0.0563,0.0737,0.0331,0.394966667,0.415066667,0.395866667,0.323066667,0.325066667,0.291166667,0.3252,0.3366,0.3149,0.040166667,0.050066667,0.008766667,0.0752,0.0838,0.0595,0.372466667,0.378066667,0.319166667,0.394066667,0.405866667,0.389966667,0.4002,0.415,0.4075
16.42,0.413833333,0.399633333,0.377933333,0.335233333,0.347433333,0.314833333,0.110466667,0.122166667,0.095366667,0.053733333,0.073333333,0.032033333,0.396066667,0.415266667,0.396666667,0.323833333,0.326033333,0.291933333,0.323566667,0.335666667,0.314066667,0.039333333,0.049233333,0.007133333,0.076533333,0.081833333,0.060133333,0.373666667,0.378466667,0.319066667,0.392866667,0.406366667,0.390766667,0.4013,0.4159,0.409
16.5,0.415133333,0.401033333,0.378533333,0.334166667,0.346966667,0.315166667,0.1127,0.1239,0.0974,0.054566667,0.073066667,0.030566667,0.397166667,0.416766667,0.397466667,0.323666667,0.326066667,0.291066667,0.3244,0.3362,0.3144,0.040366667,0.050366667,0.007566667,0.0755,0.0826,0.0599,0.3754,0.3817,0.3219,0.394366667,0.408066667,0.390866667,0.399766667,0.413666667,0.406066667
16.59,0.414933333,0.400733333,0.377133333,0.333866667,0.346366667,0.314166667,0.113266667,0.122766667,0.096066667,0.052466667,0.073866667,0.034566667,0.397466667,0.416766667,0.397966667,0.321966667,0.325966667,0.292466667,0.324466667,0.335866667,0.314766667,0.039733333,0.049233333,0.008433333,0.076466667,0.083266667,0.060166667,0.373566667,0.379966667,0.320366667,0.394666667,0.408466667,0.391866667,0.3997,0.414,0.4056
16.67,0.414433333,0.399733333,0.376933333,0.3346,0.3453,0.3143,0.113366667,0.122666667,0.097066667,0.055266667,0.074166667,0.035266667,0.397266667,0.415566667,0.397366667,0.322966667,0.325766667,0.292766667,0.323766667,0.336466667,0.313766667,0.040066667,0.049066667,0.009166667,0.075833333,0.081733333,0.059233333,0.373933333,0.379233333,0.318733333,0.395533333,0.407533333,0.392533333,0.399133333,0.414333333,0.405833333
16.75,0.415366667,0.401366667,0.376866667,0.334566667,0.344666667,0.313866667,0.1136,0.1222,0.0961,0.056466667,0.073766667,0.035666667,0.3952,0.4134,0.3947,0.322033333,0.325733333,0.291333333,0.324666667,0.336166667,0.315166667,0.040633333,0.048633333,0.009933333,0.075966667,0.082466667,0.059566667,0.372533333,0.378433333,0.318333333,0.395366667,0.406866667,0.392466667,0.400633333,0.415033333,0.408333333
16.84,0.4135,0.3995,0.3742,0.334166667,0.345966667,0.314166667,0.114166667,0.123366667,0.096466667,0.0572,0.0729,0.0332,0.3944,0.413,0.3938,0.324533333,0.327733333,0.293333333,0.323966667,0.336866667,0.315266667,0.040333333,0.047933333,0.010133333,0.0762,0.0825,0.0595,0.372133333,0.378833333,0.319733333,0.396133333,0.407233333,0.392733333,0.399533333,0.413633333,0.406033333
16.92,0.4141,0.4001,0.3757,0.3357,0.3466,0.3146,0.114466667,0.123766667,0.096566667,0.0574,0.0722,0.0326,0.393733333,0.413933333,0.394333333,0.323333333,0.327233333,0.292133333,0.3229,0.3349,0.314,0.0412,0.0499,0.0121,0.0755,0.0821,0.0595,0.371866667,0.379566667,0.319966667,0.395966667,0.407766667,0.393166667,0.399833333,0.414833333,0.406133333
17,0.414233333,0.399233333,0.375533333,0.335066667,0.346466667,0.314866667,0.113966667,0.123066667,0.096666667,0.059066667,0.072066667,0.035166667,0.393333333,0.414733333,0.394533333,0.323066667,0.326266667,0.291966667,0.322133333,0.334033333,0.314033333,0.041533333,0.049333333,0.010933333,0.073433333,0.080533333,0.057533333,0.371533333,0.378333333,0.319433333,0.394366667,0.407966667,0.392466667,0.401633333,0.414433333,0.407233333
17.09,0.415133333,0.400933333,0.377933333,0.333533333,0.346733333,0.316133333,0.1159,0.1236,0.0987,0.058833333,0.072633333,0.036033333,0.3924,0.4139,0.3943,0.323466667,0.325866667,0.289866667,0.3226,0.3337,0.3141,0.0417,0.0514,0.0135,0.071833333,0.080633333,0.056333333,0.367633333,0.376633333,0.317433333,0.394466667,0.407866667,0.392066667,0.398733333,0.414033333,0.405733333
17.17,0.413033333,0.399133333,0.375733333,0.3328,0.3468,0.3162,0.1159,0.1229,0.0985,0.058133333,0.069833333,0.034333333,0.394,0.4136,0.3944,0.3225,0.3241,0.2871,0.321333333,0.332333333,0.311833333,0.039733333,0.048533333,0.009833333,0.073566667,0.083066667,0.057666667,0.367433333,0.375433333,0.313733333,0.3928,0.406,0.3881,0.3982,0.413,0.4059
17.25,0.413066667,0.400566667,0.376966667,0.3335,0.3473,0.3169,0.113333333,0.122233333,0.098233333,0.056066667,0.071766667,0.035366667,0.3933,0.4135,0.3938,0.3235,0.3256,0.2882,0.3212,0.3328,0.3129,0.038933333,0.047533333,0.009833333,0.073466667,0.083366667,0.056266667,0.3712,0.3787,0.3167,0.3937,0.4073,0.3893,0.397866667,0.414266667,0.407466667
17.34,0.412466667,0.400066667,0.376966667,0.333633333,0.347233333,0.315733333,0.114333333,0.124333333,0.098133333,0.056866667,0.071066667,0.034666667,0.392566667,0.413966667,0.393466667,0.3245,0.3262,0.2902,0.320966667,0.332466667,0.312866667,0.040333333,0.046633333,0.008833333,0.074566667,0.083566667,0.056766667,0.370866667,0.377966667,0.316866667,0.394866667,0.408766667,0.392066667,0.3976,0.4145,0.4079
17.42,0.4129,0.3994,0.376,0.3323,0.3463,0.3146,0.114833333,0.125233333,0.097033333,0.054433333,0.072033333,0.033833333,0.394566667,0.415566667,0.394366667,0.3229,0.326,0.2893,0.321366667,0.332966667,0.313266667,0.0407,0.0476,0.0086,0.073366667,0.082966667,0.057166667,0.3714,0.3784,0.318,0.393433333,0.408233333,0.391533333,0.3968,0.4146,0.4067
17.5,0.412533333,0.398633333,0.374533333,0.333733333,0.345933333,0.314033333,0.115066667,0.125666667,0.096566667,0.054833333,0.071933333,0.033833333,0.394033333,0.414033333,0.394733333,0.322933333,0.326333333,0.290933333,0.322966667,0.333966667,0.313366667,0.041566667,0.048066667,0.007566667,0.074,0.0822,0.0574,0.372533333,0.378533333,0.319533333,0.393,0.4086,0.3914,0.3965,0.4127,0.4042
17.59,0.4133,0.4008,0.3765,0.333733333,0.345833333,0.313533333,0.117533333,0.126633333,0.097933333,0.055766667,0.073366667,0.034866667,0.394333333,0.414033333,0.394333333,0.323333333,0.326933333,0.292133333,0.321533333,0.332833333,0.311633333,0.042366667,0.046366667,0.007566667,0.0748,0.0842,0.0593,0.3722,0.3789,0.3195,0.393066667,0.407866667,0.391466667,0.399133333,0.414133333,0.406333333
17.67,0.4131,0.3986,0.3755,0.3334,0.3459,0.314,0.117566667,0.124666667,0.097066667,0.0589,0.075,0.037,0.3957,0.416,0.3949,0.323,0.3262,0.2916,0.3235,0.3337,0.3127,0.041566667,0.045466667,0.008666667,0.0763,0.0833,0.0602,0.372766667,0.378866667,0.316866667,0.392033333,0.407533333,0.389633333,0.398133333,0.413333333,0.405333333
17.75,0.414933333,0.399433333,0.376533333,0.3355,0.3472,0.3143,0.1174,0.125,0.0977,0.0593,0.0739,0.036,0.393866667,0.414866667,0.394766667,0.323433333,0.325933333,0.291333333,0.322166667,0.331866667,0.312266667,0.040966667,0.046366667,0.009166667,0.077033333,0.082733333,0.061033333,0.371766667,0.378366667,0.317666667,0.393233333,0.407533333,0.389533333,0.399066667,0.415066667,0.408066667
17.84,0.416166667,0.401466667,0.378366667,0.335633333,0.347933333,0.316133333,0.116333333,0.123933333,0.098333333,0.057833333,0.073033333,0.033733333,0.392466667,0.414666667,0.393666667,0.323833333,0.326933333,0.291133333,0.321766667,0.332166667,0.313366667,0.041166667,0.047266667,0.010566667,0.077633333,0.081033333,0.059933333,0.3713,0.3789,0.3184,0.3937,0.4071,0.3891,0.3998,0.4154,0.4063
17.92,0.418766667,0.402266667,0.380966667,0.3346,0.3483,0.3164,0.116833333,0.124833333,0.098833333,0.058133333,0.073733333,0.034533333,0.3935,0.415,0.3943,0.322333333,0.324833333,0.291433333,0.323366667,0.333366667,0.313466667,0.040366667,0.048066667,0.010866667,0.0762,0.0808,0.0577,0.370233333,0.378233333,0.317633333,0.393466667,0.406366667,0.387866667,0.400266667,0.415266667,0.406466667
18,0.417,0.3996,0.3798,0.335,0.3494,0.3178,0.114266667,0.123666667,0.099366667,0.0598,0.0748,0.0339,0.393133333,0.415833333,0.395533333,0.322,0.3248,0.2921,0.322066667,0.330766667,0.311566667,0.039666667,0.047166667,0.009166667,0.0741,0.0816,0.0572,0.369966667,0.376966667,0.317366667,0.391,0.4055,0.3864,0.401166667,0.415966667,0.406366667
18.09,0.415566667,0.398466667,0.377366667,0.335233333,0.348933333,0.315733333,0.113833333,0.124433333,0.099433333,0.059833333,0.075533333,0.034233333,0.395266667,0.415766667,0.395466667,0.323966667,0.325666667,0.293966667,0.322666667,0.332466667,0.314166667,0.041066667,0.048666667,0.008466667,0.074366667,0.082166667,0.056566667,0.3694,0.3764,0.3142,0.391533333,0.405733333,0.386533333,0.399966667,0.415066667,0.407166667
18.17,0.4153,0.399,0.3786,0.333066667,0.348166667,0.316466667,0.114733333,0.124133333,0.100133333,0.057166667,0.075266667,0.034366667,0.395333333,0.415433333,0.394633333,0.3245,0.3256,0.2933,0.321933333,0.333233333,0.313533333,0.041133333,0.048533333,0.005533333,0.0746,0.0797,0.0574,0.368033333,0.376633333,0.314233333,0.391433333,0.405233333,0.386833333,0.3996,0.415,0.405
18.25,0.415666667,0.399766667,0.377966667,0.332266667,0.347266667,0.313766667,0.115133333,0.125133333,0.098633333,0.055066667,0.072366667,0.032666667,0.3949,0.4165,0.3962,0.323933333,0.325633333,0.293033333,0.3208,0.3353,0.3144,0.041633333,0.049033333,0.005733333,0.0767,0.0806,0.0566,0.367566667,0.377366667,0.313866667,0.391133333,0.403433333,0.386733333,0.399233333,0.415533333,0.405533333
18.34,0.412433333,0.397533333,0.375633333,0.332133333,0.347933333,0.314633333,0.116633333,0.126233333,0.100633333,0.055933333,0.075433333,0.033733333,0.3952,0.415,0.3952,0.322466667,0.324966667,0.291566667,0.320633333,0.335333333,0.314033333,0.042333333,0.048133333,0.008333333,0.076233333,0.080533333,0.057033333,0.3701,0.379,0.3164,0.390733333,0.403733333,0.386333333,0.397833333,0.413533333,0.404333333
18.42,0.413933333,0.400133333,0.377833333,0.3334,0.349,0.3142,0.1165,0.1262,0.1009,0.0551,0.0752,0.0328,0.3948,0.4133,0.3948,0.3242,0.3247,0.2932,0.321966667,0.336766667,0.315266667,0.039833333,0.045833333,0.007433333,0.072933333,0.080433333,0.055633333,0.369366667,0.378266667,0.314166667,0.3908,0.4035,0.3864,0.3997,0.4147,0.406
18.5,0.412233333,0.399533333,0.377033333,0.331833333,0.346933333,0.313533333,0.115633333,0.125933333,0.099033333,0.055966667,0.073866667,0.032666667,0.395966667,0.414366667,0.395266667,0.325733333,0.325933333,0.293133333,0.323733333,0.338333333,0.317633333,0.041033333,0.045433333,0.009533333,0.073466667,0.082066667,0.057466667,0.369066667,0.376166667,0.313066667,0.392,0.4034,0.3862,0.399133333,0.414133333,0.405633333
18.59,0.412066667,0.399866667,0.377166667,0.3303,0.3465,0.3124,0.1163,0.1272,0.0984,0.0555,0.0747,0.0307,0.396433333,0.414333333,0.395633333,0.3246,0.3255,0.2928,0.322733333,0.337633333,0.317233333,0.041266667,0.045866667,0.010066667,0.073466667,0.081566667,0.057166667,0.368133333,0.375133333,0.312133333,0.3917,0.4034,0.385,0.4,0.4159,0.4071
18.67,0.4126,0.3997,0.3776,0.330166667,0.346566667,0.312966667,0.1161,0.1265,0.0992,0.055066667,0.072966667,0.030366667,0.395533333,0.413733333,0.394433333,0.3255,0.3266,0.2939,0.321966667,0.336766667,0.315466667,0.040433333,0.047233333,0.009833333,0.073566667,0.081666667,0.057466667,0.366766667,0.374866667,0.312166667,0.392066667,0.402666667,0.384966667,0.399166667,0.415666667,0.407066667
18.75,0.413566667,0.399566667,0.378066667,0.3324,0.3484,0.315,0.1162,0.1282,0.1008,0.052933333,0.072733333,0.028533333,0.3941,0.4119,0.3935,0.325633333,0.327333333,0.294333333,0.323833333,0.337933333,0.317033333,0.038366667,0.048066667,0.008466667,0.073733333,0.082933333,0.059333333,0.366133333,0.372633333,0.310533333,0.391266667,0.400466667,0.384266667,0.398033333,0.414633333,0.406133333
18.84,0.4124,0.3992,0.3764,0.333233333,0.347733333,0.315433333,0.116166667,0.126966667,0.100466667,0.052233333,0.072033333,0.030933333,0.394633333,0.412933333,0.395333333,0.3242,0.3279,0.2948,0.325866667,0.338666667,0.316766667,0.0401,0.0497,0.0113,0.072733333,0.083633333,0.059633333,0.364333333,0.371733333,0.307933333,0.390666667,0.399566667,0.383166667,0.397633333,0.414033333,0.405333333
18.92,0.411433333,0.398733333,0.375633333,0.333966667,0.347366667,0.316466667,0.114933333,0.126833333,0.099433333,0.0538,0.0707,0.0304,0.3937,0.4126,0.3946,0.324166667,0.327066667,0.294266667,0.322666667,0.336566667,0.315066667,0.038533333,0.049533333,0.012833333,0.0738,0.0832,0.058,0.3652,0.3721,0.3086,0.3899,0.4003,0.383,0.394366667,0.412366667,0.405366667
19,0.4109,0.3985,0.374,0.3319,0.3463,0.3141,0.113566667,0.125366667,0.098966667,0.056433333,0.072833333,0.032233333,0.394233333,0.413533333,0.395633333,0.3238,0.3267,0.2944,0.3235,0.3358,0.3154,0.038266667,0.050966667,0.012666667,0.075,0.0833,0.0577,0.3628,0.372,0.3088,0.3902,0.4012,0.3836,0.396033333,0.412833333,0.404633333
19.09,0.412866667,0.399066667,0.374866667,0.332033333,0.345133333,0.312133333,0.114566667,0.124566667,0.098566667,0.0558,0.0709,0.0337,0.394633333,0.413833333,0.396033333,0.3228,0.3254,0.2912,0.321966667,0.335466667,0.314766667,0.038533333,0.046833333,0.011433333,0.073933333,0.084333333,0.058533333,0.364433333,0.372533333,0.309033333,0.3887,0.4009,0.3828,0.394766667,0.412366667,0.404566667
19.17,0.4134,0.3995,0.3741,0.331933333,0.345033333,0.312333333,0.116166667,0.126766667,0.099066667,0.057933333,0.071133333,0.032033333,0.394033333,0.413333333,0.394333333,0.322733333,0.325333333,0.291233333,0.322,0.3336,0.3131,0.038266667,0.046966667,0.007666667,0.071633333,0.083633333,0.058233333,0.366,0.3722,0.3108,0.389933333,0.402533333,0.383733333,0.396333333,0.413133333,0.404633333
19.25,0.412333333,0.399333333,0.372133333,0.332,0.3458,0.312,0.116433333,0.127733333,0.099433333,0.062433333,0.075133333,0.036233333,0.394333333,0.411733333,0.395133333,0.321633333,0.324133333,0.290533333,0.3196,0.3331,0.3116,0.038,0.0477,0.0068,0.074,0.0835,0.06,0.367633333,0.373233333,0.312933333,0.390733333,0.403533333,0.384433333,0.3952,0.4122,0.4031
19.34,0.411266667,0.398066667,0.371166667,0.3314,0.3452,0.3122,0.116666667,0.128066667,0.100666667,0.060033333,0.076133333,0.035033333,0.395333333,0.413933333,0.396333333,0.321533333,0.325733333,0.291033333,0.3203,0.3333,0.311,0.040566667,0.049666667,0.007566667,0.0744,0.0843,0.0615,0.368466667,0.373566667,0.313366667,0.3909,0.4041,0.3838,0.393633333,0.411433333,0.403133333
19.42,0.411166667,0.399366667,0.373366667,0.332033333,0.346133333,0.312633333,0.115266667,0.127566667,0.100266667,0.0617,0.0776,0.0367,0.394533333,0.413433333,0.394433333,0.3232,0.3261,0.2911,0.320633333,0.335033333,0.313333333,0.0404,0.0496,0.0068,0.0764,0.0849,0.0615,0.367733333,0.373933333,0.313833333,0.389633333,0.401733333,0.382033333,0.396566667,0.414366667,0.405366667
19.5,0.4098,0.397,0.3727,0.3323,0.3461,0.3133,0.1155,0.1294,0.1014,0.059466667,0.077366667,0.037566667,0.394466667,0.413066667,0.394266667,0.3232,0.3255,0.2907,0.322233333,0.335433333,0.313733333,0.039466667,0.049166667,0.005766667,0.076233333,0.084833333,0.059233333,0.3664,0.3741,0.3139,0.390933333,0.402733333,0.383533333,0.3935,0.4132,0.403
19.59,0.411266667,0.397466667,0.373266667,0.332933333,0.346533333,0.313933333,0.114733333,0.129333333,0.100933333,0.0608,0.0754,0.0345,0.394066667,0.411966667,0.391566667,0.324566667,0.325066667,0.292066667,0.322,0.3358,0.3138,0.037566667,0.048366667,0.005566667,0.074733333,0.084733333,0.057133333,0.3663,0.3715,0.3133,0.389233333,0.401833333,0.382133333,0.392633333,0.411533333,0.401733333
19.67,0.4103,0.3966,0.3724,0.331766667,0.345866667,0.313766667,0.113,0.127,0.0993,0.0574,0.0752,0.0329,0.393233333,0.411933333,0.390433333,0.3231,0.3241,0.2916,0.322333333,0.335233333,0.313033333,0.0369,0.048,0.0072,0.072466667,0.082766667,0.057766667,0.367533333,0.370433333,0.313433333,0.390166667,0.402266667,0.382566667,0.392566667,0.411266667,0.401766667
19.75,0.411133333,0.397133333,0.374933333,0.333133333,0.345933333,0.313233333,0.1135,0.1271,0.0994,0.058433333,0.074733333,0.031233333,0.3921,0.4121,0.3904,0.3238,0.3246,0.2925,0.3207,0.3337,0.3132,0.0365,0.0495,0.0078,0.072933333,0.080933333,0.057233333,0.3648,0.3696,0.3129,0.391133333,0.402833333,0.384233333,0.393966667,0.413566667,0.402566667
19.84,0.4106,0.397,0.3752,0.332666667,0.345966667,0.312766667,0.115533333,0.127933333,0.099733333,0.055466667,0.074966667,0.031766667,0.391733333,0.411733333,0.391433333,0.3255,0.3281,0.2949,0.322033333,0.334133333,0.313133333,0.038366667,0.051066667,0.010566667,0.073166667,0.081566667,0.058466667,0.3668,0.3729,0.3138,0.392166667,0.404666667,0.386266667,0.393033333,0.413733333,0.402533333
19.92,0.4088,0.3952,0.3737,0.331733333,0.344633333,0.312333333,0.1162,0.1286,0.1001,0.056066667,0.076266667,0.031566667,0.393133333,0.414133333,0.393133333,0.322566667,0.325866667,0.291766667,0.322166667,0.333966667,0.312266667,0.039966667,0.050466667,0.010166667,0.0753,0.0835,0.0602,0.366166667,0.372366667,0.313966667,0.3903,0.4034,0.3843,0.391466667,0.413166667,0.401866667
20,0.408066667,0.393966667,0.372866667,0.330733333,0.344133333,0.311433333,0.114133333,0.127533333,0.100833333,0.0592,0.0784,0.0311,0.392466667,0.412666667,0.392166667,0.3233,0.3266,0.2916,0.322333333,0.333933333,0.311133333,0.040466667,0.049066667,0.010566667,0.074666667,0.081366667,0.059666667,0.364966667,0.372166667,0.311766667,0.388966667,0.402266667,0.384266667,0.391333333,0.412033333,0.401833333
20.09,0.408033333,0.393733333,0.371833333,0.3325,0.3442,0.3116,0.112866667,0.127366667,0.099966667,0.056833333,0.078833333,0.031533333,0.392066667,0.412066667,0.392366667,0.324566667,0.328866667,0.293266667,0.320833333,0.333133333,0.310533333,0.039366667,0.048266667,0.008766667,0.073166667,0.081566667,0.059666667,0.367166667,0.374266667,0.312666667,0.389366667,0.402966667,0.384666667,0.393233333,0.413133333,0.402733333
20.17,0.4094,0.3954,0.3742,0.331166667,0.343066667,0.308666667,0.111266667,0.127266667,0.098566667,0.0571,0.0773,0.0336,0.392866667,0.412866667,0.392866667,0.324533333,0.327333333,0.291733333,0.320233333,0.332733333,0.310033333,0.039266667,0.049366667,0.008866667,0.073466667,0.082866667,0.058766667,0.3672,0.3746,0.3133,0.3892,0.4042,0.3843,0.3939,0.4134,0.4039
20.25,0.4096,0.3945,0.3722,0.330633333,0.345333333,0.311133333,0.112833333,0.125933333,0.099933333,0.057333333,0.075633333,0.034033333,0.3925,0.4148,0.3938,0.325133333,0.327933333,0.290533333,0.3199,0.3315,0.3087,0.037466667,0.049066667,0.007866667,0.073866667,0.083066667,0.058166667,0.367666667,0.374866667,0.311266667,0.389533333,0.404333333,0.383333333,0.392533333,0.412233333,0.402833333
20.34,0.410766667,0.395866667,0.373066667,0.329866667,0.344266667,0.310266667,0.115933333,0.128733333,0.101833333,0.0585,0.0771,0.0339,0.3936,0.414,0.3939,0.324433333,0.327333333,0.288733333,0.319266667,0.330266667,0.306766667,0.0385,0.0486,0.0075,0.074333333,0.081933333,0.057133333,0.366433333,0.373233333,0.310133333,0.3902,0.4046,0.3834,0.392933333,0.412233333,0.402933333
20.42,0.408933333,0.394433333,0.371233333,0.330133333,0.343033333,0.309933333,0.115966667,0.127666667,0.100566667,0.0588,0.0757,0.0331,0.3935,0.4137,0.3937,0.324966667,0.326366667,0.288866667,0.318133333,0.330033333,0.307233333,0.041233333,0.049933333,0.009833333,0.075066667,0.083166667,0.058366667,0.3639,0.3723,0.3086,0.388166667,0.402666667,0.381466667,0.393266667,0.410466667,0.401466667
20.5,0.409066667,0.395166667,0.371066667,0.329,0.3425,0.3093,0.1155,0.1286,0.1002,0.0598,0.0746,0.0315,0.394066667,0.414866667,0.394766667,0.324566667,0.325266667,0.286566667,0.318266667,0.329766667,0.306266667,0.0393,0.0508,0.0102,0.0751,0.0831,0.057,0.363933333,0.371933333,0.307833333,0.3879,0.402,0.3813,0.394533333,0.411433333,0.403333333
20.59,0.4094,0.3949,0.3694,0.329133333,0.342633333,0.309233333,0.1148,0.1283,0.0986,0.057466667,0.075066667,0.031166667,0.393333333,0.414333333,0.395033333,0.3267,0.327,0.288,0.318633333,0.330833333,0.306133333,0.041733333,0.049533333,0.010233333,0.0744,0.0832,0.0549,0.3642,0.3716,0.3078,0.387933333,0.401433333,0.380833333,0.392333333,0.410933333,0.401633333